🚀 شروع حلقه deploy (هر 3 ساعت)
📝 لاگ‌ها در: /mnt/data/saberprojects/iranseda-crawler-golang-/logs/deploy-loop.log
⏹️  برای توقف: kill $(cat /tmp/deploy_loop.pid)
=========================================
⏰ اجرا در: 2025-12-21 16:51:56
=========================================
🚀 شروع فرآیند deploy...

📝 اضافه کردن تغییرات به git...
💾 ایجاد commit با پیام: 'new srt files'
[download-db 96ada4b3] new srt files
 6 files changed, 131 insertions(+), 7 deletions(-)
 mode change 100644 => 100755 check_deploy_status.sh
 create mode 100644 logs/deploy-loop.log
 mode change 100644 => 100755 setup_auto_deploy.sh
📤 ارسال تغییرات به GitHub...
To https://github.com/saber13812002/iranseda-crawler-golang-.git
   5839be76..96ada4b3  download-db -> download-db
✅ تغییرات با موفقیت push شدند

🔧 تنظیم متغیرهای محیطی...
🌐 تولید صفحات وب...
🚀 Starting static site generation...
🔧 Configuration:
🔧 Environment: server
📊 Database: 192.168.2.160:3306/radio
👤 DB User: n8nuser
🐙 GitHub: saber13812002/iranseda-crawler-golang-@download-db
📁 Downloads: /mnt/data/saberprojects/iranseda-crawler-golang-/downloads
📄 Docs: /mnt/data/saberprojects/iranseda-crawler-golang-/docs

✅ Connected to database
📊 Found 78 programs
✅ Generated index.html
✅ Generated program 1/78: 1.html (377 sessions)
✅ Generated program 2/78: 2.html (602 sessions)
✅ Generated program 3/78: 3.html (219 sessions)
✅ Generated program 4/78: 4.html (22 sessions)
✅ Generated program 5/78: 5.html (104 sessions)
✅ Generated program 6/78: 6.html (102 sessions)
✅ Generated program 7/78: 7.html (127 sessions)
✅ Generated program 8/78: 8.html (36 sessions)
✅ Generated program 9/78: 9.html (346 sessions)
✅ Generated program 10/78: 10.html (3 sessions)
✅ Generated program 11/78: 11.html (20 sessions)
✅ Generated program 12/78: 12.html (334 sessions)
✅ Generated program 13/78: 13.html (224 sessions)
✅ Generated program 14/78: 14.html (528 sessions)
✅ Generated program 15/78: 15.html (338 sessions)
✅ Generated program 16/78: 16.html (516 sessions)
✅ Generated program 17/78: 17.html (236 sessions)
✅ Generated program 18/78: 18.html (385 sessions)
✅ Generated program 19/78: 19.html (312 sessions)
✅ Generated program 20/78: 20.html (95 sessions)
✅ Generated program 21/78: 21.html (96 sessions)
✅ Generated program 22/78: 22.html (63 sessions)
✅ Generated program 23/78: 23.html (256 sessions)
✅ Generated program 24/78: 24.html (85 sessions)
✅ Generated program 25/78: 25.html (33 sessions)
✅ Generated program 26/78: 26.html (91 sessions)
✅ Generated program 27/78: 27.html (20 sessions)
✅ Generated program 28/78: 28.html (104 sessions)
✅ Generated program 29/78: 29.html (2 sessions)
✅ Generated program 30/78: 30.html (2 sessions)
✅ Generated program 31/78: 31.html (0 sessions)
✅ Generated program 32/78: 32.html (0 sessions)
✅ Generated program 33/78: 33.html (0 sessions)
✅ Generated program 34/78: 34.html (2 sessions)
✅ Generated program 35/78: 35.html (0 sessions)
✅ Generated program 36/78: 36.html (1 sessions)
✅ Generated program 37/78: 37.html (0 sessions)
✅ Generated program 38/78: 38.html (0 sessions)
✅ Generated program 39/78: 39.html (0 sessions)
✅ Generated program 40/78: 40.html (0 sessions)
✅ Generated program 41/78: 41.html (0 sessions)
✅ Generated program 42/78: 42.html (0 sessions)
✅ Generated program 43/78: 43.html (0 sessions)
✅ Generated program 44/78: 44.html (0 sessions)
✅ Generated program 45/78: 45.html (1 sessions)
✅ Generated program 46/78: 46.html (1 sessions)
✅ Generated program 47/78: 47.html (1 sessions)
✅ Generated program 48/78: 48.html (0 sessions)
✅ Generated program 49/78: 49.html (0 sessions)
✅ Generated program 50/78: 50.html (1 sessions)
✅ Generated program 51/78: 51.html (0 sessions)
✅ Generated program 52/78: 52.html (0 sessions)
✅ Generated program 53/78: 53.html (0 sessions)
✅ Generated program 54/78: 54.html (0 sessions)
✅ Generated program 55/78: 55.html (0 sessions)
✅ Generated program 56/78: 56.html (0 sessions)
✅ Generated program 57/78: 57.html (0 sessions)
✅ Generated program 58/78: 58.html (0 sessions)
✅ Generated program 59/78: 59.html (0 sessions)
✅ Generated program 60/78: 60.html (0 sessions)
✅ Generated program 61/78: 61.html (0 sessions)
✅ Generated program 62/78: 62.html (0 sessions)
✅ Generated program 63/78: 63.html (0 sessions)
✅ Generated program 64/78: 64.html (0 sessions)
✅ Generated program 65/78: 65.html (0 sessions)
✅ Generated program 66/78: 66.html (0 sessions)
✅ Generated program 67/78: 67.html (0 sessions)
✅ Generated program 68/78: 68.html (0 sessions)
✅ Generated program 69/78: 69.html (0 sessions)
✅ Generated program 70/78: 70.html (0 sessions)
✅ Generated program 71/78: 71.html (0 sessions)
✅ Generated program 72/78: 72.html (0 sessions)
✅ Generated program 73/78: 73.html (0 sessions)
✅ Generated program 74/78: 74.html (0 sessions)
✅ Generated program 75/78: 75.html (0 sessions)
✅ Generated program 76/78: 76.html (0 sessions)
✅ Generated program 77/78: 77.html (0 sessions)
✅ Generated program 78/78: 78.html (0 sessions)
🎉 Site generation complete! Output: /mnt/data/saberprojects/iranseda-crawler-golang-/docs
📁 Files created:
   - /mnt/data/saberprojects/iranseda-crawler-golang-/docs/index.html
   - /mnt/data/saberprojects/iranseda-crawler-golang-/docs/programs/*.html (78 files)

✅ فرآیند deploy با موفقیت انجام شد!
✅ اجرا با موفقیت تمام شد

⏳ منتظر 3 ساعت تا اجرای بعدی...
   اجرای بعدی: 2025-12-21 19:52:03

🚀 شروع حلقه deploy (هر 3 ساعت)
📝 لاگ‌ها در: /mnt/data/saberprojects/iranseda-crawler-golang-/logs/deploy-loop.log
⏹️  برای توقف: kill $(cat /tmp/deploy_loop.pid)
=========================================
⏰ اجرا در: 2025-12-21 16:53:09
=========================================
🚀 شروع فرآیند deploy...

📝 اضافه کردن تغییرات به git...
fatal: Unable to create '/mnt/data/saberprojects/iranseda-crawler-golang-/.git/index.lock': File exists.

Another git process seems to be running in this repository, e.g.
an editor opened by 'git commit'. Please make sure all processes
are terminated then try again. If it still fails, a git process
may have crashed in this repository earlier:
remove the file manually to continue.
❌ خطا در git add

🔧 تنظیم متغیرهای محیطی...
🌐 تولید صفحات وب...
🚀 Starting static site generation...
🔧 Configuration:
🔧 Environment: server
📊 Database: 192.168.2.160:3306/radio
👤 DB User: n8nuser
🐙 GitHub: saber13812002/iranseda-crawler-golang-@download-db
📁 Downloads: /mnt/data/saberprojects/iranseda-crawler-golang-/downloads
📄 Docs: /mnt/data/saberprojects/iranseda-crawler-golang-/docs

✅ Connected to database
📊 Found 78 programs
✅ Generated index.html
✅ Generated program 1/78: 1.html (377 sessions)
✅ Generated program 2/78: 2.html (602 sessions)
✅ Generated program 3/78: 3.html (219 sessions)
✅ Generated program 4/78: 4.html (22 sessions)
✅ Generated program 5/78: 5.html (104 sessions)
✅ Generated program 6/78: 6.html (102 sessions)
✅ Generated program 7/78: 7.html (127 sessions)
✅ Generated program 8/78: 8.html (36 sessions)
✅ Generated program 9/78: 9.html (346 sessions)
✅ Generated program 10/78: 10.html (3 sessions)
✅ Generated program 11/78: 11.html (20 sessions)
✅ Generated program 12/78: 12.html (334 sessions)
✅ Generated program 13/78: 13.html (224 sessions)
✅ Generated program 14/78: 14.html (528 sessions)
✅ Generated program 15/78: 15.html (338 sessions)
✅ Generated program 16/78: 16.html (516 sessions)
✅ Generated program 17/78: 17.html (236 sessions)
✅ Generated program 18/78: 18.html (385 sessions)
✅ Generated program 19/78: 19.html (312 sessions)
✅ Generated program 20/78: 20.html (95 sessions)
✅ Generated program 21/78: 21.html (96 sessions)
✅ Generated program 22/78: 22.html (63 sessions)
✅ Generated program 23/78: 23.html (256 sessions)
✅ Generated program 24/78: 24.html (85 sessions)
✅ Generated program 25/78: 25.html (33 sessions)
✅ Generated program 26/78: 26.html (91 sessions)
✅ Generated program 27/78: 27.html (20 sessions)
✅ Generated program 28/78: 28.html (104 sessions)
✅ Generated program 29/78: 29.html (2 sessions)
✅ Generated program 30/78: 30.html (2 sessions)
✅ Generated program 31/78: 31.html (0 sessions)
✅ Generated program 32/78: 32.html (0 sessions)
✅ Generated program 33/78: 33.html (0 sessions)
✅ Generated program 34/78: 34.html (2 sessions)
✅ Generated program 35/78: 35.html (0 sessions)
✅ Generated program 36/78: 36.html (1 sessions)
✅ Generated program 37/78: 37.html (0 sessions)
✅ Generated program 38/78: 38.html (0 sessions)
✅ Generated program 39/78: 39.html (0 sessions)
✅ Generated program 40/78: 40.html (0 sessions)
✅ Generated program 41/78: 41.html (0 sessions)
✅ Generated program 42/78: 42.html (0 sessions)
✅ Generated program 43/78: 43.html (0 sessions)
✅ Generated program 44/78: 44.html (0 sessions)
✅ Generated program 45/78: 45.html (1 sessions)
✅ Generated program 46/78: 46.html (1 sessions)
✅ Generated program 47/78: 47.html (1 sessions)
✅ Generated program 48/78: 48.html (0 sessions)
✅ Generated program 49/78: 49.html (0 sessions)
✅ Generated program 50/78: 50.html (1 sessions)
✅ Generated program 51/78: 51.html (0 sessions)
✅ Generated program 52/78: 52.html (0 sessions)
✅ Generated program 53/78: 53.html (0 sessions)
✅ Generated program 54/78: 54.html (0 sessions)
✅ Generated program 55/78: 55.html (0 sessions)
✅ Generated program 56/78: 56.html (0 sessions)
✅ Generated program 57/78: 57.html (0 sessions)
✅ Generated program 58/78: 58.html (0 sessions)
✅ Generated program 59/78: 59.html (0 sessions)
✅ Generated program 60/78: 60.html (0 sessions)
✅ Generated program 61/78: 61.html (0 sessions)
✅ Generated program 62/78: 62.html (0 sessions)
✅ Generated program 63/78: 63.html (0 sessions)
✅ Generated program 64/78: 64.html (0 sessions)
✅ Generated program 65/78: 65.html (0 sessions)
✅ Generated program 66/78: 66.html (0 sessions)
✅ Generated program 67/78: 67.html (0 sessions)
✅ Generated program 68/78: 68.html (0 sessions)
✅ Generated program 69/78: 69.html (0 sessions)
✅ Generated program 70/78: 70.html (0 sessions)
✅ Generated program 71/78: 71.html (0 sessions)
✅ Generated program 72/78: 72.html (0 sessions)
✅ Generated program 73/78: 73.html (0 sessions)
✅ Generated program 74/78: 74.html (0 sessions)
✅ Generated program 75/78: 75.html (0 sessions)
✅ Generated program 76/78: 76.html (0 sessions)
✅ Generated program 77/78: 77.html (0 sessions)
✅ Generated program 78/78: 78.html (0 sessions)
🎉 Site generation complete! Output: /mnt/data/saberprojects/iranseda-crawler-golang-/docs
📁 Files created:
   - /mnt/data/saberprojects/iranseda-crawler-golang-/docs/index.html
   - /mnt/data/saberprojects/iranseda-crawler-golang-/docs/programs/*.html (78 files)

✅ فرآیند deploy با موفقیت انجام شد!
✅ اجرا با موفقیت تمام شد

⏳ منتظر 3 ساعت تا اجرای بعدی...
   اجرای بعدی: 2025-12-21 19:53:14

🚀 شروع حلقه deploy (هر 3 ساعت)
📝 لاگ‌ها در: /mnt/data/saberprojects/iranseda-crawler-golang-/logs/deploy-loop.log
⏹️  برای توقف: kill $(cat /tmp/deploy_loop.pid)
=========================================
⏰ اجرا در: 2025-12-21 16:54:14
=========================================
🚀 شروع فرآیند deploy...

📝 اضافه کردن تغییرات به git...
💾 ایجاد commit با پیام: 'new srt files'
[download-db 0b6a19ca] new srt files
 2 files changed, 120 insertions(+)
📤 ارسال تغییرات به GitHub...
To https://github.com/saber13812002/iranseda-crawler-golang-.git
   ce3acf56..0b6a19ca  download-db -> download-db
✅ تغییرات با موفقیت push شدند

🔧 تنظیم متغیرهای محیطی...
🌐 تولید صفحات وب...
🚀 Starting static site generation...
🔧 Configuration:
🔧 Environment: server
📊 Database: 192.168.2.160:3306/radio
👤 DB User: n8nuser
🐙 GitHub: saber13812002/iranseda-crawler-golang-@download-db
📁 Downloads: /mnt/data/saberprojects/iranseda-crawler-golang-/downloads
📄 Docs: /mnt/data/saberprojects/iranseda-crawler-golang-/docs

✅ Connected to database
📊 Found 78 programs
✅ Generated index.html
✅ Generated program 1/78: 1.html (377 sessions)
✅ Generated program 2/78: 2.html (602 sessions)
✅ Generated program 3/78: 3.html (219 sessions)
✅ Generated program 4/78: 4.html (22 sessions)
✅ Generated program 5/78: 5.html (104 sessions)
✅ Generated program 6/78: 6.html (102 sessions)
✅ Generated program 7/78: 7.html (127 sessions)
✅ Generated program 8/78: 8.html (36 sessions)
✅ Generated program 9/78: 9.html (346 sessions)
✅ Generated program 10/78: 10.html (3 sessions)
✅ Generated program 11/78: 11.html (20 sessions)
✅ Generated program 12/78: 12.html (334 sessions)
✅ Generated program 13/78: 13.html (224 sessions)
✅ Generated program 14/78: 14.html (528 sessions)
✅ Generated program 15/78: 15.html (338 sessions)
✅ Generated program 16/78: 16.html (516 sessions)
✅ Generated program 17/78: 17.html (236 sessions)
✅ Generated program 18/78: 18.html (385 sessions)
✅ Generated program 19/78: 19.html (312 sessions)
✅ Generated program 20/78: 20.html (95 sessions)
✅ Generated program 21/78: 21.html (96 sessions)
✅ Generated program 22/78: 22.html (63 sessions)
✅ Generated program 23/78: 23.html (256 sessions)
✅ Generated program 24/78: 24.html (85 sessions)
✅ Generated program 25/78: 25.html (33 sessions)
✅ Generated program 26/78: 26.html (91 sessions)
✅ Generated program 27/78: 27.html (20 sessions)
✅ Generated program 28/78: 28.html (104 sessions)
✅ Generated program 29/78: 29.html (2 sessions)
✅ Generated program 30/78: 30.html (2 sessions)
✅ Generated program 31/78: 31.html (0 sessions)
✅ Generated program 32/78: 32.html (0 sessions)
✅ Generated program 33/78: 33.html (0 sessions)
✅ Generated program 34/78: 34.html (2 sessions)
✅ Generated program 35/78: 35.html (0 sessions)
✅ Generated program 36/78: 36.html (1 sessions)
✅ Generated program 37/78: 37.html (0 sessions)
✅ Generated program 38/78: 38.html (0 sessions)
✅ Generated program 39/78: 39.html (0 sessions)
✅ Generated program 40/78: 40.html (0 sessions)
✅ Generated program 41/78: 41.html (0 sessions)
✅ Generated program 42/78: 42.html (0 sessions)
✅ Generated program 43/78: 43.html (0 sessions)
✅ Generated program 44/78: 44.html (0 sessions)
✅ Generated program 45/78: 45.html (1 sessions)
✅ Generated program 46/78: 46.html (1 sessions)
✅ Generated program 47/78: 47.html (1 sessions)
✅ Generated program 48/78: 48.html (0 sessions)
✅ Generated program 49/78: 49.html (0 sessions)
✅ Generated program 50/78: 50.html (1 sessions)
✅ Generated program 51/78: 51.html (0 sessions)
✅ Generated program 52/78: 52.html (0 sessions)
✅ Generated program 53/78: 53.html (0 sessions)
✅ Generated program 54/78: 54.html (0 sessions)
✅ Generated program 55/78: 55.html (0 sessions)
✅ Generated program 56/78: 56.html (0 sessions)
✅ Generated program 57/78: 57.html (0 sessions)
✅ Generated program 58/78: 58.html (0 sessions)
✅ Generated program 59/78: 59.html (0 sessions)
✅ Generated program 60/78: 60.html (0 sessions)
✅ Generated program 61/78: 61.html (0 sessions)
✅ Generated program 62/78: 62.html (0 sessions)
✅ Generated program 63/78: 63.html (0 sessions)
✅ Generated program 64/78: 64.html (0 sessions)
✅ Generated program 65/78: 65.html (0 sessions)
✅ Generated program 66/78: 66.html (0 sessions)
✅ Generated program 67/78: 67.html (0 sessions)
✅ Generated program 68/78: 68.html (0 sessions)
✅ Generated program 69/78: 69.html (0 sessions)
✅ Generated program 70/78: 70.html (0 sessions)
✅ Generated program 71/78: 71.html (0 sessions)
✅ Generated program 72/78: 72.html (0 sessions)
✅ Generated program 73/78: 73.html (0 sessions)
✅ Generated program 74/78: 74.html (0 sessions)
✅ Generated program 75/78: 75.html (0 sessions)
✅ Generated program 76/78: 76.html (0 sessions)
✅ Generated program 77/78: 77.html (0 sessions)
✅ Generated program 78/78: 78.html (0 sessions)
🎉 Site generation complete! Output: /mnt/data/saberprojects/iranseda-crawler-golang-/docs
📁 Files created:
   - /mnt/data/saberprojects/iranseda-crawler-golang-/docs/index.html
   - /mnt/data/saberprojects/iranseda-crawler-golang-/docs/programs/*.html (78 files)

✅ فرآیند deploy با موفقیت انجام شد!
✅ اجرا با موفقیت تمام شد

⏳ منتظر 3 ساعت تا اجرای بعدی...
   اجرای بعدی: 2025-12-21 19:54:21

🚀 شروع حلقه deploy (هر 3 ساعت)
📝 لاگ‌ها در: /mnt/data/saberprojects/iranseda-crawler-golang-/logs/deploy-loop.log
⏹️  برای توقف: kill $(cat /tmp/deploy_loop.pid)
=========================================
⏰ اجرا در: 2025-12-21 16:56:16
=========================================
🚀 شروع فرآیند deploy...

📝 اضافه کردن تغییرات به git...
=========================================
⏰ اجرا در: 2025-12-21 19:52:03
=========================================
🚀 شروع فرآیند deploy...

📝 اضافه کردن تغییرات به git...
💾 ایجاد commit با پیام: 'new srt files'
[download-db 9b8a8e4e] new srt files
 4 files changed, 1644 insertions(+)
 create mode 100644 downloads/cleaned/radio-maaref-04-07-25-19-30.srt
 create mode 100644 downloads/cleaned/radio-varzesh-04-07-25-13-30.srt
 create mode 100644 downloads/radio-maaref-04-07-25-19-30.srt
📤 ارسال تغییرات به GitHub...
To https://github.com/saber13812002/iranseda-crawler-golang-.git
   57053ded..9b8a8e4e  download-db -> download-db
✅ تغییرات با موفقیت push شدند

🔧 تنظیم متغیرهای محیطی...
🌐 تولید صفحات وب...
🚀 Starting static site generation...
🔧 Configuration:
🔧 Environment: server
📊 Database: 192.168.2.160:3306/radio
👤 DB User: n8nuser
🐙 GitHub: saber13812002/iranseda-crawler-golang-@download-db
📁 Downloads: /mnt/data/saberprojects/iranseda-crawler-golang-/downloads
📄 Docs: /mnt/data/saberprojects/iranseda-crawler-golang-/docs

✅ Connected to database
📊 Found 78 programs
✅ Generated index.html
✅ Generated program 1/78: 1.html (377 sessions)
✅ Generated program 2/78: 2.html (602 sessions)
✅ Generated program 3/78: 3.html (219 sessions)
✅ Generated program 4/78: 4.html (22 sessions)
✅ Generated program 5/78: 5.html (104 sessions)
✅ Generated program 6/78: 6.html (102 sessions)
✅ Generated program 7/78: 7.html (127 sessions)
✅ Generated program 8/78: 8.html (36 sessions)
✅ Generated program 9/78: 9.html (346 sessions)
✅ Generated program 10/78: 10.html (3 sessions)
✅ Generated program 11/78: 11.html (20 sessions)
✅ Generated program 12/78: 12.html (334 sessions)
✅ Generated program 13/78: 13.html (224 sessions)
✅ Generated program 14/78: 14.html (528 sessions)
✅ Generated program 15/78: 15.html (338 sessions)
✅ Generated program 16/78: 16.html (516 sessions)
✅ Generated program 17/78: 17.html (236 sessions)
✅ Generated program 18/78: 18.html (385 sessions)
✅ Generated program 19/78: 19.html (312 sessions)
✅ Generated program 20/78: 20.html (95 sessions)
✅ Generated program 21/78: 21.html (96 sessions)
✅ Generated program 22/78: 22.html (63 sessions)
✅ Generated program 23/78: 23.html (256 sessions)
✅ Generated program 24/78: 24.html (85 sessions)
✅ Generated program 25/78: 25.html (33 sessions)
✅ Generated program 26/78: 26.html (91 sessions)
✅ Generated program 27/78: 27.html (20 sessions)
✅ Generated program 28/78: 28.html (104 sessions)
✅ Generated program 29/78: 29.html (2 sessions)
✅ Generated program 30/78: 30.html (2 sessions)
✅ Generated program 31/78: 31.html (0 sessions)
✅ Generated program 32/78: 32.html (0 sessions)
✅ Generated program 33/78: 33.html (0 sessions)
✅ Generated program 34/78: 34.html (2 sessions)
✅ Generated program 35/78: 35.html (0 sessions)
✅ Generated program 36/78: 36.html (1 sessions)
✅ Generated program 37/78: 37.html (0 sessions)
✅ Generated program 38/78: 38.html (0 sessions)
✅ Generated program 39/78: 39.html (0 sessions)
✅ Generated program 40/78: 40.html (0 sessions)
✅ Generated program 41/78: 41.html (0 sessions)
✅ Generated program 42/78: 42.html (0 sessions)
✅ Generated program 43/78: 43.html (0 sessions)
✅ Generated program 44/78: 44.html (0 sessions)
✅ Generated program 45/78: 45.html (1 sessions)
✅ Generated program 46/78: 46.html (1 sessions)
✅ Generated program 47/78: 47.html (1 sessions)
✅ Generated program 48/78: 48.html (0 sessions)
✅ Generated program 49/78: 49.html (0 sessions)
✅ Generated program 50/78: 50.html (1 sessions)
✅ Generated program 51/78: 51.html (0 sessions)
✅ Generated program 52/78: 52.html (0 sessions)
✅ Generated program 53/78: 53.html (0 sessions)
✅ Generated program 54/78: 54.html (0 sessions)
✅ Generated program 55/78: 55.html (0 sessions)
✅ Generated program 56/78: 56.html (0 sessions)
✅ Generated program 57/78: 57.html (0 sessions)
✅ Generated program 58/78: 58.html (0 sessions)
✅ Generated program 59/78: 59.html (0 sessions)
✅ Generated program 60/78: 60.html (0 sessions)
✅ Generated program 61/78: 61.html (0 sessions)
✅ Generated program 62/78: 62.html (0 sessions)
✅ Generated program 63/78: 63.html (0 sessions)
✅ Generated program 64/78: 64.html (0 sessions)
✅ Generated program 65/78: 65.html (0 sessions)
✅ Generated program 66/78: 66.html (0 sessions)
✅ Generated program 67/78: 67.html (0 sessions)
✅ Generated program 68/78: 68.html (0 sessions)
✅ Generated program 69/78: 69.html (0 sessions)
✅ Generated program 70/78: 70.html (0 sessions)
✅ Generated program 71/78: 71.html (0 sessions)
✅ Generated program 72/78: 72.html (0 sessions)
✅ Generated program 73/78: 73.html (0 sessions)
✅ Generated program 74/78: 74.html (0 sessions)
✅ Generated program 75/78: 75.html (0 sessions)
✅ Generated program 76/78: 76.html (0 sessions)
✅ Generated program 77/78: 77.html (0 sessions)
✅ Generated program 78/78: 78.html (0 sessions)
🎉 Site generation complete! Output: /mnt/data/saberprojects/iranseda-crawler-golang-/docs
📁 Files created:
   - /mnt/data/saberprojects/iranseda-crawler-golang-/docs/index.html
   - /mnt/data/saberprojects/iranseda-crawler-golang-/docs/programs/*.html (78 files)

✅ فرآیند deploy با موفقیت انجام شد!
✅ اجرا با موفقیت تمام شد

⏳ منتظر 3 ساعت تا اجرای بعدی...
   اجرای بعدی: 2025-12-21 22:52:09


🛑 دریافت سیگنال توقف. خروج...
=========================================
⏰ اجرا در: 2025-12-21 19:54:21
=========================================
🚀 شروع فرآیند deploy...

📝 اضافه کردن تغییرات به git...
💾 ایجاد commit با پیام: 'new srt files'
[download-db 3bb58712] new srt files
 4 files changed, 143 insertions(+), 21 deletions(-)
📤 ارسال تغییرات به GitHub...
To https://github.com/saber13812002/iranseda-crawler-golang-.git
   9b8a8e4e..3bb58712  download-db -> download-db
✅ تغییرات با موفقیت push شدند

🔧 تنظیم متغیرهای محیطی...
🌐 تولید صفحات وب...
🚀 Starting static site generation...
🔧 Configuration:
🔧 Environment: server
📊 Database: 192.168.2.160:3306/radio
👤 DB User: n8nuser
🐙 GitHub: saber13812002/iranseda-crawler-golang-@download-db
📁 Downloads: /mnt/data/saberprojects/iranseda-crawler-golang-/downloads
📄 Docs: /mnt/data/saberprojects/iranseda-crawler-golang-/docs

✅ Connected to database
📊 Found 78 programs
✅ Generated index.html
✅ Generated program 1/78: 1.html (377 sessions)
✅ Generated program 2/78: 2.html (602 sessions)
✅ Generated program 3/78: 3.html (219 sessions)
✅ Generated program 4/78: 4.html (22 sessions)
✅ Generated program 5/78: 5.html (104 sessions)
✅ Generated program 6/78: 6.html (102 sessions)
✅ Generated program 7/78: 7.html (127 sessions)
✅ Generated program 8/78: 8.html (36 sessions)
✅ Generated program 9/78: 9.html (346 sessions)
✅ Generated program 10/78: 10.html (3 sessions)
✅ Generated program 11/78: 11.html (20 sessions)
✅ Generated program 12/78: 12.html (334 sessions)
✅ Generated program 13/78: 13.html (224 sessions)
✅ Generated program 14/78: 14.html (528 sessions)
✅ Generated program 15/78: 15.html (338 sessions)
✅ Generated program 16/78: 16.html (516 sessions)
✅ Generated program 17/78: 17.html (236 sessions)
✅ Generated program 18/78: 18.html (385 sessions)
✅ Generated program 19/78: 19.html (312 sessions)
✅ Generated program 20/78: 20.html (95 sessions)
✅ Generated program 21/78: 21.html (96 sessions)
✅ Generated program 22/78: 22.html (63 sessions)
✅ Generated program 23/78: 23.html (256 sessions)
✅ Generated program 24/78: 24.html (85 sessions)
✅ Generated program 25/78: 25.html (33 sessions)
✅ Generated program 26/78: 26.html (91 sessions)
✅ Generated program 27/78: 27.html (20 sessions)
✅ Generated program 28/78: 28.html (104 sessions)
✅ Generated program 29/78: 29.html (2 sessions)
✅ Generated program 30/78: 30.html (2 sessions)
✅ Generated program 31/78: 31.html (0 sessions)
✅ Generated program 32/78: 32.html (0 sessions)
✅ Generated program 33/78: 33.html (0 sessions)
✅ Generated program 34/78: 34.html (2 sessions)
✅ Generated program 35/78: 35.html (0 sessions)
✅ Generated program 36/78: 36.html (1 sessions)
✅ Generated program 37/78: 37.html (0 sessions)
✅ Generated program 38/78: 38.html (0 sessions)
✅ Generated program 39/78: 39.html (0 sessions)
✅ Generated program 40/78: 40.html (0 sessions)
✅ Generated program 41/78: 41.html (0 sessions)
✅ Generated program 42/78: 42.html (0 sessions)
✅ Generated program 43/78: 43.html (0 sessions)
✅ Generated program 44/78: 44.html (0 sessions)
✅ Generated program 45/78: 45.html (1 sessions)
✅ Generated program 46/78: 46.html (1 sessions)
✅ Generated program 47/78: 47.html (1 sessions)
✅ Generated program 48/78: 48.html (0 sessions)
✅ Generated program 49/78: 49.html (0 sessions)
✅ Generated program 50/78: 50.html (1 sessions)
✅ Generated program 51/78: 51.html (0 sessions)
✅ Generated program 52/78: 52.html (0 sessions)
✅ Generated program 53/78: 53.html (0 sessions)
✅ Generated program 54/78: 54.html (0 sessions)
✅ Generated program 55/78: 55.html (0 sessions)
✅ Generated program 56/78: 56.html (0 sessions)
✅ Generated program 57/78: 57.html (0 sessions)
✅ Generated program 58/78: 58.html (0 sessions)
✅ Generated program 59/78: 59.html (0 sessions)
✅ Generated program 60/78: 60.html (0 sessions)
✅ Generated program 61/78: 61.html (0 sessions)
✅ Generated program 62/78: 62.html (0 sessions)
✅ Generated program 63/78: 63.html (0 sessions)
✅ Generated program 64/78: 64.html (0 sessions)
✅ Generated program 65/78: 65.html (0 sessions)
✅ Generated program 66/78: 66.html (0 sessions)
✅ Generated program 67/78: 67.html (0 sessions)
✅ Generated program 68/78: 68.html (0 sessions)
✅ Generated program 69/78: 69.html (0 sessions)
✅ Generated program 70/78: 70.html (0 sessions)
✅ Generated program 71/78: 71.html (0 sessions)
✅ Generated program 72/78: 72.html (0 sessions)
✅ Generated program 73/78: 73.html (0 sessions)
✅ Generated program 74/78: 74.html (0 sessions)
✅ Generated program 75/78: 75.html (0 sessions)
✅ Generated program 76/78: 76.html (0 sessions)
✅ Generated program 77/78: 77.html (0 sessions)
✅ Generated program 78/78: 78.html (0 sessions)
🎉 Site generation complete! Output: /mnt/data/saberprojects/iranseda-crawler-golang-/docs
📁 Files created:
   - /mnt/data/saberprojects/iranseda-crawler-golang-/docs/index.html
   - /mnt/data/saberprojects/iranseda-crawler-golang-/docs/programs/*.html (78 files)

✅ فرآیند deploy با موفقیت انجام شد!
✅ اجرا با موفقیت تمام شد

⏳ منتظر 3 ساعت تا اجرای بعدی...
   اجرای بعدی: 2025-12-21 22:54:27

=========================================
⏰ اجرا در: 2025-12-21 19:56:21
=========================================
🚀 شروع فرآیند deploy...

📝 اضافه کردن تغییرات به git...
=========================================
⏰ اجرا در: 2025-12-21 22:52:09
=========================================
🚀 شروع فرآیند deploy...

📝 اضافه کردن تغییرات به git...
💾 ایجاد commit با پیام: 'new srt files'
[download-db 47fc7c4b] new srt files
 11 files changed, 268 insertions(+), 46 deletions(-)
📤 ارسال تغییرات به GitHub...
To https://github.com/saber13812002/iranseda-crawler-golang-.git
   8f1df5ff..47fc7c4b  download-db -> download-db
✅ تغییرات با موفقیت push شدند

🔧 تنظیم متغیرهای محیطی...
🌐 تولید صفحات وب...
🚀 Starting static site generation...
🔧 Configuration:
🔧 Environment: server
📊 Database: 192.168.2.160:3306/radio
👤 DB User: n8nuser
🐙 GitHub: saber13812002/iranseda-crawler-golang-@download-db
📁 Downloads: /mnt/data/saberprojects/iranseda-crawler-golang-/downloads
📄 Docs: /mnt/data/saberprojects/iranseda-crawler-golang-/docs

✅ Connected to database
📊 Found 78 programs
✅ Generated index.html
✅ Generated program 1/78: 1.html (379 sessions)
✅ Generated program 2/78: 2.html (604 sessions)
✅ Generated program 3/78: 3.html (219 sessions)
✅ Generated program 4/78: 4.html (22 sessions)
✅ Generated program 5/78: 5.html (104 sessions)
✅ Generated program 6/78: 6.html (102 sessions)
✅ Generated program 7/78: 7.html (127 sessions)
✅ Generated program 8/78: 8.html (36 sessions)
✅ Generated program 9/78: 9.html (347 sessions)
✅ Generated program 10/78: 10.html (3 sessions)
✅ Generated program 11/78: 11.html (20 sessions)
✅ Generated program 12/78: 12.html (335 sessions)
✅ Generated program 13/78: 13.html (224 sessions)
✅ Generated program 14/78: 14.html (528 sessions)
✅ Generated program 15/78: 15.html (338 sessions)
✅ Generated program 16/78: 16.html (517 sessions)
✅ Generated program 17/78: 17.html (237 sessions)
✅ Generated program 18/78: 18.html (387 sessions)
✅ Generated program 19/78: 19.html (313 sessions)
✅ Generated program 20/78: 20.html (96 sessions)
✅ Generated program 21/78: 21.html (96 sessions)
✅ Generated program 22/78: 22.html (63 sessions)
✅ Generated program 23/78: 23.html (256 sessions)
✅ Generated program 24/78: 24.html (85 sessions)
✅ Generated program 25/78: 25.html (33 sessions)
✅ Generated program 26/78: 26.html (91 sessions)
✅ Generated program 27/78: 27.html (20 sessions)
✅ Generated program 28/78: 28.html (104 sessions)
✅ Generated program 29/78: 29.html (2 sessions)
✅ Generated program 30/78: 30.html (2 sessions)
✅ Generated program 31/78: 31.html (0 sessions)
✅ Generated program 32/78: 32.html (0 sessions)
✅ Generated program 33/78: 33.html (0 sessions)
✅ Generated program 34/78: 34.html (2 sessions)
✅ Generated program 35/78: 35.html (0 sessions)
✅ Generated program 36/78: 36.html (1 sessions)
✅ Generated program 37/78: 37.html (0 sessions)
✅ Generated program 38/78: 38.html (0 sessions)
✅ Generated program 39/78: 39.html (0 sessions)
✅ Generated program 40/78: 40.html (0 sessions)
✅ Generated program 41/78: 41.html (0 sessions)
✅ Generated program 42/78: 42.html (0 sessions)
✅ Generated program 43/78: 43.html (0 sessions)
✅ Generated program 44/78: 44.html (0 sessions)
✅ Generated program 45/78: 45.html (1 sessions)
✅ Generated program 46/78: 46.html (1 sessions)
✅ Generated program 47/78: 47.html (1 sessions)
✅ Generated program 48/78: 48.html (0 sessions)
✅ Generated program 49/78: 49.html (0 sessions)
✅ Generated program 50/78: 50.html (1 sessions)
✅ Generated program 51/78: 51.html (0 sessions)
✅ Generated program 52/78: 52.html (0 sessions)
✅ Generated program 53/78: 53.html (0 sessions)
✅ Generated program 54/78: 54.html (0 sessions)
✅ Generated program 55/78: 55.html (0 sessions)
✅ Generated program 56/78: 56.html (0 sessions)
✅ Generated program 57/78: 57.html (0 sessions)
✅ Generated program 58/78: 58.html (0 sessions)
✅ Generated program 59/78: 59.html (0 sessions)
✅ Generated program 60/78: 60.html (0 sessions)
✅ Generated program 61/78: 61.html (0 sessions)
✅ Generated program 62/78: 62.html (0 sessions)
✅ Generated program 63/78: 63.html (0 sessions)
✅ Generated program 64/78: 64.html (0 sessions)
✅ Generated program 65/78: 65.html (0 sessions)
✅ Generated program 66/78: 66.html (0 sessions)
✅ Generated program 67/78: 67.html (0 sessions)
✅ Generated program 68/78: 68.html (0 sessions)
✅ Generated program 69/78: 69.html (0 sessions)
✅ Generated program 70/78: 70.html (0 sessions)
✅ Generated program 71/78: 71.html (0 sessions)
✅ Generated program 72/78: 72.html (0 sessions)
✅ Generated program 73/78: 73.html (0 sessions)
✅ Generated program 74/78: 74.html (0 sessions)
✅ Generated program 75/78: 75.html (0 sessions)
✅ Generated program 76/78: 76.html (0 sessions)
✅ Generated program 77/78: 77.html (0 sessions)
✅ Generated program 78/78: 78.html (0 sessions)
🎉 Site generation complete! Output: /mnt/data/saberprojects/iranseda-crawler-golang-/docs
📁 Files created:
   - /mnt/data/saberprojects/iranseda-crawler-golang-/docs/index.html
   - /mnt/data/saberprojects/iranseda-crawler-golang-/docs/programs/*.html (78 files)

✅ فرآیند deploy با موفقیت انجام شد!
✅ اجرا با موفقیت تمام شد

⏳ منتظر 3 ساعت تا اجرای بعدی...
   اجرای بعدی: 2025-12-22 01:52:16

=========================================
⏰ اجرا در: 2025-12-21 22:54:27
=========================================
🚀 شروع فرآیند deploy...

📝 اضافه کردن تغییرات به git...
💾 ایجاد commit با پیام: 'new srt files'
[download-db b4cfefb0] new srt files
 11 files changed, 150 insertions(+), 33 deletions(-)
📤 ارسال تغییرات به GitHub...
To https://github.com/saber13812002/iranseda-crawler-golang-.git
   47fc7c4b..b4cfefb0  download-db -> download-db
✅ تغییرات با موفقیت push شدند

🔧 تنظیم متغیرهای محیطی...
🌐 تولید صفحات وب...
🚀 Starting static site generation...
🔧 Configuration:
🔧 Environment: server
📊 Database: 192.168.2.160:3306/radio
👤 DB User: n8nuser
🐙 GitHub: saber13812002/iranseda-crawler-golang-@download-db
📁 Downloads: /mnt/data/saberprojects/iranseda-crawler-golang-/downloads
📄 Docs: /mnt/data/saberprojects/iranseda-crawler-golang-/docs

✅ Connected to database
📊 Found 78 programs
✅ Generated index.html
✅ Generated program 1/78: 1.html (379 sessions)
✅ Generated program 2/78: 2.html (604 sessions)
✅ Generated program 3/78: 3.html (219 sessions)
✅ Generated program 4/78: 4.html (22 sessions)
✅ Generated program 5/78: 5.html (104 sessions)
✅ Generated program 6/78: 6.html (102 sessions)
✅ Generated program 7/78: 7.html (127 sessions)
✅ Generated program 8/78: 8.html (36 sessions)
✅ Generated program 9/78: 9.html (347 sessions)
✅ Generated program 10/78: 10.html (3 sessions)
✅ Generated program 11/78: 11.html (20 sessions)
✅ Generated program 12/78: 12.html (335 sessions)
✅ Generated program 13/78: 13.html (224 sessions)
✅ Generated program 14/78: 14.html (528 sessions)
✅ Generated program 15/78: 15.html (338 sessions)
✅ Generated program 16/78: 16.html (517 sessions)
✅ Generated program 17/78: 17.html (237 sessions)
✅ Generated program 18/78: 18.html (387 sessions)
✅ Generated program 19/78: 19.html (313 sessions)
✅ Generated program 20/78: 20.html (96 sessions)
✅ Generated program 21/78: 21.html (96 sessions)
✅ Generated program 22/78: 22.html (63 sessions)
✅ Generated program 23/78: 23.html (256 sessions)
✅ Generated program 24/78: 24.html (85 sessions)
✅ Generated program 25/78: 25.html (33 sessions)
✅ Generated program 26/78: 26.html (91 sessions)
✅ Generated program 27/78: 27.html (20 sessions)
✅ Generated program 28/78: 28.html (104 sessions)
✅ Generated program 29/78: 29.html (2 sessions)
✅ Generated program 30/78: 30.html (2 sessions)
✅ Generated program 31/78: 31.html (0 sessions)
✅ Generated program 32/78: 32.html (0 sessions)
✅ Generated program 33/78: 33.html (0 sessions)
✅ Generated program 34/78: 34.html (2 sessions)
✅ Generated program 35/78: 35.html (0 sessions)
✅ Generated program 36/78: 36.html (1 sessions)
✅ Generated program 37/78: 37.html (0 sessions)
✅ Generated program 38/78: 38.html (0 sessions)
✅ Generated program 39/78: 39.html (0 sessions)
✅ Generated program 40/78: 40.html (0 sessions)
✅ Generated program 41/78: 41.html (0 sessions)
✅ Generated program 42/78: 42.html (0 sessions)
✅ Generated program 43/78: 43.html (0 sessions)
✅ Generated program 44/78: 44.html (0 sessions)
✅ Generated program 45/78: 45.html (1 sessions)
✅ Generated program 46/78: 46.html (1 sessions)
✅ Generated program 47/78: 47.html (1 sessions)
✅ Generated program 48/78: 48.html (0 sessions)
✅ Generated program 49/78: 49.html (0 sessions)
✅ Generated program 50/78: 50.html (1 sessions)
✅ Generated program 51/78: 51.html (0 sessions)
✅ Generated program 52/78: 52.html (0 sessions)
✅ Generated program 53/78: 53.html (0 sessions)
✅ Generated program 54/78: 54.html (0 sessions)
✅ Generated program 55/78: 55.html (0 sessions)
✅ Generated program 56/78: 56.html (0 sessions)
✅ Generated program 57/78: 57.html (0 sessions)
✅ Generated program 58/78: 58.html (0 sessions)
✅ Generated program 59/78: 59.html (0 sessions)
✅ Generated program 60/78: 60.html (0 sessions)
✅ Generated program 61/78: 61.html (0 sessions)
✅ Generated program 62/78: 62.html (0 sessions)
✅ Generated program 63/78: 63.html (0 sessions)
✅ Generated program 64/78: 64.html (0 sessions)
✅ Generated program 65/78: 65.html (0 sessions)
✅ Generated program 66/78: 66.html (0 sessions)
✅ Generated program 67/78: 67.html (0 sessions)
✅ Generated program 68/78: 68.html (0 sessions)
✅ Generated program 69/78: 69.html (0 sessions)
✅ Generated program 70/78: 70.html (0 sessions)
✅ Generated program 71/78: 71.html (0 sessions)
✅ Generated program 72/78: 72.html (0 sessions)
✅ Generated program 73/78: 73.html (0 sessions)
✅ Generated program 74/78: 74.html (0 sessions)
✅ Generated program 75/78: 75.html (0 sessions)
✅ Generated program 76/78: 76.html (0 sessions)
✅ Generated program 77/78: 77.html (0 sessions)
✅ Generated program 78/78: 78.html (0 sessions)
🎉 Site generation complete! Output: /mnt/data/saberprojects/iranseda-crawler-golang-/docs
📁 Files created:
   - /mnt/data/saberprojects/iranseda-crawler-golang-/docs/index.html
   - /mnt/data/saberprojects/iranseda-crawler-golang-/docs/programs/*.html (78 files)

✅ فرآیند deploy با موفقیت انجام شد!
✅ اجرا با موفقیت تمام شد

⏳ منتظر 3 ساعت تا اجرای بعدی...
   اجرای بعدی: 2025-12-22 01:54:33

=========================================
⏰ اجرا در: 2025-12-21 22:56:28
=========================================
🚀 شروع فرآیند deploy...

📝 اضافه کردن تغییرات به git...
=========================================
⏰ اجرا در: 2025-12-22 01:52:16
=========================================
🚀 شروع فرآیند deploy...

📝 اضافه کردن تغییرات به git...
💾 ایجاد commit با پیام: 'new srt files'
[download-db 0e710b22] new srt files
 1 file changed, 6 insertions(+)
📤 ارسال تغییرات به GitHub...
To https://github.com/saber13812002/iranseda-crawler-golang-.git
   a819cba5..0e710b22  download-db -> download-db
✅ تغییرات با موفقیت push شدند

🔧 تنظیم متغیرهای محیطی...
🌐 تولید صفحات وب...
🚀 Starting static site generation...
🔧 Configuration:
🔧 Environment: server
📊 Database: 192.168.2.160:3306/radio
👤 DB User: n8nuser
🐙 GitHub: saber13812002/iranseda-crawler-golang-@download-db
📁 Downloads: /mnt/data/saberprojects/iranseda-crawler-golang-/downloads
📄 Docs: /mnt/data/saberprojects/iranseda-crawler-golang-/docs

✅ Connected to database
📊 Found 78 programs
✅ Generated index.html
✅ Generated program 1/78: 1.html (379 sessions)
✅ Generated program 2/78: 2.html (604 sessions)
✅ Generated program 3/78: 3.html (219 sessions)
✅ Generated program 4/78: 4.html (22 sessions)
✅ Generated program 5/78: 5.html (104 sessions)
✅ Generated program 6/78: 6.html (102 sessions)
✅ Generated program 7/78: 7.html (127 sessions)
✅ Generated program 8/78: 8.html (36 sessions)
✅ Generated program 9/78: 9.html (347 sessions)
✅ Generated program 10/78: 10.html (3 sessions)
✅ Generated program 11/78: 11.html (20 sessions)
✅ Generated program 12/78: 12.html (335 sessions)
✅ Generated program 13/78: 13.html (224 sessions)
✅ Generated program 14/78: 14.html (528 sessions)
✅ Generated program 15/78: 15.html (338 sessions)
✅ Generated program 16/78: 16.html (517 sessions)
✅ Generated program 17/78: 17.html (237 sessions)
✅ Generated program 18/78: 18.html (387 sessions)
✅ Generated program 19/78: 19.html (313 sessions)
✅ Generated program 20/78: 20.html (96 sessions)
✅ Generated program 21/78: 21.html (96 sessions)
✅ Generated program 22/78: 22.html (63 sessions)
✅ Generated program 23/78: 23.html (256 sessions)
✅ Generated program 24/78: 24.html (85 sessions)
✅ Generated program 25/78: 25.html (33 sessions)
✅ Generated program 26/78: 26.html (91 sessions)
✅ Generated program 27/78: 27.html (20 sessions)
✅ Generated program 28/78: 28.html (104 sessions)
✅ Generated program 29/78: 29.html (2 sessions)
✅ Generated program 30/78: 30.html (2 sessions)
✅ Generated program 31/78: 31.html (0 sessions)
✅ Generated program 32/78: 32.html (0 sessions)
✅ Generated program 33/78: 33.html (0 sessions)
✅ Generated program 34/78: 34.html (2 sessions)
✅ Generated program 35/78: 35.html (0 sessions)
✅ Generated program 36/78: 36.html (1 sessions)
✅ Generated program 37/78: 37.html (0 sessions)
✅ Generated program 38/78: 38.html (0 sessions)
✅ Generated program 39/78: 39.html (0 sessions)
✅ Generated program 40/78: 40.html (0 sessions)
✅ Generated program 41/78: 41.html (0 sessions)
✅ Generated program 42/78: 42.html (0 sessions)
✅ Generated program 43/78: 43.html (0 sessions)
✅ Generated program 44/78: 44.html (0 sessions)
✅ Generated program 45/78: 45.html (1 sessions)
✅ Generated program 46/78: 46.html (1 sessions)
✅ Generated program 47/78: 47.html (1 sessions)
✅ Generated program 48/78: 48.html (0 sessions)
✅ Generated program 49/78: 49.html (0 sessions)
✅ Generated program 50/78: 50.html (1 sessions)
✅ Generated program 51/78: 51.html (0 sessions)
✅ Generated program 52/78: 52.html (0 sessions)
✅ Generated program 53/78: 53.html (0 sessions)
✅ Generated program 54/78: 54.html (0 sessions)
✅ Generated program 55/78: 55.html (0 sessions)
✅ Generated program 56/78: 56.html (0 sessions)
✅ Generated program 57/78: 57.html (0 sessions)
✅ Generated program 58/78: 58.html (0 sessions)
✅ Generated program 59/78: 59.html (0 sessions)
✅ Generated program 60/78: 60.html (0 sessions)
✅ Generated program 61/78: 61.html (0 sessions)
✅ Generated program 62/78: 62.html (0 sessions)
✅ Generated program 63/78: 63.html (0 sessions)
✅ Generated program 64/78: 64.html (0 sessions)
✅ Generated program 65/78: 65.html (0 sessions)
✅ Generated program 66/78: 66.html (0 sessions)
✅ Generated program 67/78: 67.html (0 sessions)
✅ Generated program 68/78: 68.html (0 sessions)
✅ Generated program 69/78: 69.html (0 sessions)
✅ Generated program 70/78: 70.html (0 sessions)
✅ Generated program 71/78: 71.html (0 sessions)
✅ Generated program 72/78: 72.html (0 sessions)
✅ Generated program 73/78: 73.html (0 sessions)
✅ Generated program 74/78: 74.html (0 sessions)
✅ Generated program 75/78: 75.html (0 sessions)
✅ Generated program 76/78: 76.html (0 sessions)
✅ Generated program 77/78: 77.html (0 sessions)
✅ Generated program 78/78: 78.html (0 sessions)
🎉 Site generation complete! Output: /mnt/data/saberprojects/iranseda-crawler-golang-/docs
📁 Files created:
   - /mnt/data/saberprojects/iranseda-crawler-golang-/docs/index.html
   - /mnt/data/saberprojects/iranseda-crawler-golang-/docs/programs/*.html (78 files)

✅ فرآیند deploy با موفقیت انجام شد!
✅ اجرا با موفقیت تمام شد

⏳ منتظر 3 ساعت تا اجرای بعدی...
   اجرای بعدی: 2025-12-22 04:52:22

=========================================
⏰ اجرا در: 2025-12-22 01:54:33
=========================================
🚀 شروع فرآیند deploy...

📝 اضافه کردن تغییرات به git...
💾 ایجاد commit با پیام: 'new srt files'
[download-db 58e33155] new srt files
 2 files changed, 136 insertions(+), 19 deletions(-)
📤 ارسال تغییرات به GitHub...
To https://github.com/saber13812002/iranseda-crawler-golang-.git
   0e710b22..58e33155  download-db -> download-db
✅ تغییرات با موفقیت push شدند

🔧 تنظیم متغیرهای محیطی...
🌐 تولید صفحات وب...
🚀 Starting static site generation...
🔧 Configuration:
🔧 Environment: server
📊 Database: 192.168.2.160:3306/radio
👤 DB User: n8nuser
🐙 GitHub: saber13812002/iranseda-crawler-golang-@download-db
📁 Downloads: /mnt/data/saberprojects/iranseda-crawler-golang-/downloads
📄 Docs: /mnt/data/saberprojects/iranseda-crawler-golang-/docs

✅ Connected to database
📊 Found 78 programs
✅ Generated index.html
✅ Generated program 1/78: 1.html (379 sessions)
✅ Generated program 2/78: 2.html (604 sessions)
✅ Generated program 3/78: 3.html (219 sessions)
✅ Generated program 4/78: 4.html (22 sessions)
✅ Generated program 5/78: 5.html (104 sessions)
✅ Generated program 6/78: 6.html (102 sessions)
✅ Generated program 7/78: 7.html (127 sessions)
✅ Generated program 8/78: 8.html (36 sessions)
✅ Generated program 9/78: 9.html (347 sessions)
✅ Generated program 10/78: 10.html (3 sessions)
✅ Generated program 11/78: 11.html (20 sessions)
✅ Generated program 12/78: 12.html (335 sessions)
✅ Generated program 13/78: 13.html (224 sessions)
✅ Generated program 14/78: 14.html (528 sessions)
✅ Generated program 15/78: 15.html (338 sessions)
✅ Generated program 16/78: 16.html (517 sessions)
✅ Generated program 17/78: 17.html (237 sessions)
✅ Generated program 18/78: 18.html (387 sessions)
✅ Generated program 19/78: 19.html (313 sessions)
✅ Generated program 20/78: 20.html (96 sessions)
✅ Generated program 21/78: 21.html (96 sessions)
✅ Generated program 22/78: 22.html (63 sessions)
✅ Generated program 23/78: 23.html (256 sessions)
✅ Generated program 24/78: 24.html (85 sessions)
✅ Generated program 25/78: 25.html (33 sessions)
✅ Generated program 26/78: 26.html (91 sessions)
✅ Generated program 27/78: 27.html (20 sessions)
✅ Generated program 28/78: 28.html (104 sessions)
✅ Generated program 29/78: 29.html (2 sessions)
✅ Generated program 30/78: 30.html (2 sessions)
✅ Generated program 31/78: 31.html (0 sessions)
✅ Generated program 32/78: 32.html (0 sessions)
✅ Generated program 33/78: 33.html (0 sessions)
✅ Generated program 34/78: 34.html (2 sessions)
✅ Generated program 35/78: 35.html (0 sessions)
✅ Generated program 36/78: 36.html (1 sessions)
✅ Generated program 37/78: 37.html (0 sessions)
✅ Generated program 38/78: 38.html (0 sessions)
✅ Generated program 39/78: 39.html (0 sessions)
✅ Generated program 40/78: 40.html (0 sessions)
✅ Generated program 41/78: 41.html (0 sessions)
✅ Generated program 42/78: 42.html (0 sessions)
✅ Generated program 43/78: 43.html (0 sessions)
✅ Generated program 44/78: 44.html (0 sessions)
✅ Generated program 45/78: 45.html (1 sessions)
✅ Generated program 46/78: 46.html (1 sessions)
✅ Generated program 47/78: 47.html (1 sessions)
✅ Generated program 48/78: 48.html (0 sessions)
✅ Generated program 49/78: 49.html (0 sessions)
✅ Generated program 50/78: 50.html (1 sessions)
✅ Generated program 51/78: 51.html (0 sessions)
✅ Generated program 52/78: 52.html (0 sessions)
✅ Generated program 53/78: 53.html (0 sessions)
✅ Generated program 54/78: 54.html (0 sessions)
✅ Generated program 55/78: 55.html (0 sessions)
✅ Generated program 56/78: 56.html (0 sessions)
✅ Generated program 57/78: 57.html (0 sessions)
✅ Generated program 58/78: 58.html (0 sessions)
✅ Generated program 59/78: 59.html (0 sessions)
✅ Generated program 60/78: 60.html (0 sessions)
✅ Generated program 61/78: 61.html (0 sessions)
✅ Generated program 62/78: 62.html (0 sessions)
✅ Generated program 63/78: 63.html (0 sessions)
✅ Generated program 64/78: 64.html (0 sessions)
✅ Generated program 65/78: 65.html (0 sessions)
✅ Generated program 66/78: 66.html (0 sessions)
✅ Generated program 67/78: 67.html (0 sessions)
✅ Generated program 68/78: 68.html (0 sessions)
✅ Generated program 69/78: 69.html (0 sessions)
✅ Generated program 70/78: 70.html (0 sessions)
✅ Generated program 71/78: 71.html (0 sessions)
✅ Generated program 72/78: 72.html (0 sessions)
✅ Generated program 73/78: 73.html (0 sessions)
✅ Generated program 74/78: 74.html (0 sessions)
✅ Generated program 75/78: 75.html (0 sessions)
✅ Generated program 76/78: 76.html (0 sessions)
✅ Generated program 77/78: 77.html (0 sessions)
✅ Generated program 78/78: 78.html (0 sessions)
🎉 Site generation complete! Output: /mnt/data/saberprojects/iranseda-crawler-golang-/docs
📁 Files created:
   - /mnt/data/saberprojects/iranseda-crawler-golang-/docs/index.html
   - /mnt/data/saberprojects/iranseda-crawler-golang-/docs/programs/*.html (78 files)

✅ فرآیند deploy با موفقیت انجام شد!
✅ اجرا با موفقیت تمام شد

⏳ منتظر 3 ساعت تا اجرای بعدی...
   اجرای بعدی: 2025-12-22 04:54:39

=========================================
⏰ اجرا در: 2025-12-22 01:56:34
=========================================
🚀 شروع فرآیند deploy...

📝 اضافه کردن تغییرات به git...
=========================================
⏰ اجرا در: 2025-12-22 04:52:22
=========================================
🚀 شروع فرآیند deploy...

📝 اضافه کردن تغییرات به git...
💾 ایجاد commit با پیام: 'new srt files'
[download-db 98ba334b] new srt files
 6 files changed, 111 insertions(+), 33 deletions(-)
📤 ارسال تغییرات به GitHub...
To https://github.com/saber13812002/iranseda-crawler-golang-.git
   43756f8d..98ba334b  download-db -> download-db
✅ تغییرات با موفقیت push شدند

🔧 تنظیم متغیرهای محیطی...
🌐 تولید صفحات وب...
🚀 Starting static site generation...
🔧 Configuration:
🔧 Environment: server
📊 Database: 192.168.2.160:3306/radio
👤 DB User: n8nuser
🐙 GitHub: saber13812002/iranseda-crawler-golang-@download-db
📁 Downloads: /mnt/data/saberprojects/iranseda-crawler-golang-/downloads
📄 Docs: /mnt/data/saberprojects/iranseda-crawler-golang-/docs

✅ Connected to database
📊 Found 78 programs
✅ Generated index.html
✅ Generated program 1/78: 1.html (379 sessions)
✅ Generated program 2/78: 2.html (604 sessions)
✅ Generated program 3/78: 3.html (219 sessions)
✅ Generated program 4/78: 4.html (22 sessions)
✅ Generated program 5/78: 5.html (104 sessions)
✅ Generated program 6/78: 6.html (102 sessions)
✅ Generated program 7/78: 7.html (127 sessions)
✅ Generated program 8/78: 8.html (36 sessions)
✅ Generated program 9/78: 9.html (347 sessions)
✅ Generated program 10/78: 10.html (3 sessions)
✅ Generated program 11/78: 11.html (20 sessions)
✅ Generated program 12/78: 12.html (335 sessions)
✅ Generated program 13/78: 13.html (224 sessions)
✅ Generated program 14/78: 14.html (529 sessions)
✅ Generated program 15/78: 15.html (338 sessions)
✅ Generated program 16/78: 16.html (518 sessions)
✅ Generated program 17/78: 17.html (237 sessions)
✅ Generated program 18/78: 18.html (387 sessions)
✅ Generated program 19/78: 19.html (313 sessions)
✅ Generated program 20/78: 20.html (96 sessions)
✅ Generated program 21/78: 21.html (96 sessions)
✅ Generated program 22/78: 22.html (63 sessions)
✅ Generated program 23/78: 23.html (257 sessions)
✅ Generated program 24/78: 24.html (85 sessions)
✅ Generated program 25/78: 25.html (33 sessions)
✅ Generated program 26/78: 26.html (91 sessions)
✅ Generated program 27/78: 27.html (20 sessions)
✅ Generated program 28/78: 28.html (105 sessions)
✅ Generated program 29/78: 29.html (2 sessions)
✅ Generated program 30/78: 30.html (2 sessions)
✅ Generated program 31/78: 31.html (0 sessions)
✅ Generated program 32/78: 32.html (0 sessions)
✅ Generated program 33/78: 33.html (0 sessions)
✅ Generated program 34/78: 34.html (2 sessions)
✅ Generated program 35/78: 35.html (0 sessions)
✅ Generated program 36/78: 36.html (1 sessions)
✅ Generated program 37/78: 37.html (0 sessions)
✅ Generated program 38/78: 38.html (0 sessions)
✅ Generated program 39/78: 39.html (0 sessions)
✅ Generated program 40/78: 40.html (0 sessions)
✅ Generated program 41/78: 41.html (0 sessions)
✅ Generated program 42/78: 42.html (0 sessions)
✅ Generated program 43/78: 43.html (0 sessions)
✅ Generated program 44/78: 44.html (0 sessions)
✅ Generated program 45/78: 45.html (1 sessions)
✅ Generated program 46/78: 46.html (1 sessions)
✅ Generated program 47/78: 47.html (1 sessions)
✅ Generated program 48/78: 48.html (0 sessions)
✅ Generated program 49/78: 49.html (0 sessions)
✅ Generated program 50/78: 50.html (1 sessions)
✅ Generated program 51/78: 51.html (0 sessions)
✅ Generated program 52/78: 52.html (0 sessions)
✅ Generated program 53/78: 53.html (0 sessions)
✅ Generated program 54/78: 54.html (0 sessions)
✅ Generated program 55/78: 55.html (0 sessions)
✅ Generated program 56/78: 56.html (0 sessions)
✅ Generated program 57/78: 57.html (0 sessions)
✅ Generated program 58/78: 58.html (0 sessions)
✅ Generated program 59/78: 59.html (0 sessions)
✅ Generated program 60/78: 60.html (0 sessions)
✅ Generated program 61/78: 61.html (0 sessions)
✅ Generated program 62/78: 62.html (0 sessions)
✅ Generated program 63/78: 63.html (0 sessions)
✅ Generated program 64/78: 64.html (0 sessions)
✅ Generated program 65/78: 65.html (0 sessions)
✅ Generated program 66/78: 66.html (0 sessions)
✅ Generated program 67/78: 67.html (0 sessions)
✅ Generated program 68/78: 68.html (0 sessions)
✅ Generated program 69/78: 69.html (0 sessions)
✅ Generated program 70/78: 70.html (0 sessions)
✅ Generated program 71/78: 71.html (0 sessions)
✅ Generated program 72/78: 72.html (0 sessions)
✅ Generated program 73/78: 73.html (0 sessions)
✅ Generated program 74/78: 74.html (0 sessions)
✅ Generated program 75/78: 75.html (0 sessions)
✅ Generated program 76/78: 76.html (0 sessions)
✅ Generated program 77/78: 77.html (0 sessions)
✅ Generated program 78/78: 78.html (0 sessions)
🎉 Site generation complete! Output: /mnt/data/saberprojects/iranseda-crawler-golang-/docs
📁 Files created:
   - /mnt/data/saberprojects/iranseda-crawler-golang-/docs/index.html
   - /mnt/data/saberprojects/iranseda-crawler-golang-/docs/programs/*.html (78 files)

✅ فرآیند deploy با موفقیت انجام شد!
✅ اجرا با موفقیت تمام شد

⏳ منتظر 3 ساعت تا اجرای بعدی...
   اجرای بعدی: 2025-12-22 07:52:29

=========================================
⏰ اجرا در: 2025-12-22 04:54:39
=========================================
🚀 شروع فرآیند deploy...

📝 اضافه کردن تغییرات به git...
💾 ایجاد commit با پیام: 'new srt files'
[download-db 6dd4a037] new srt files
 3 files changed, 134 insertions(+), 17 deletions(-)
📤 ارسال تغییرات به GitHub...
To https://github.com/saber13812002/iranseda-crawler-golang-.git
   98ba334b..6dd4a037  download-db -> download-db
✅ تغییرات با موفقیت push شدند

🔧 تنظیم متغیرهای محیطی...
🌐 تولید صفحات وب...
🚀 Starting static site generation...
🔧 Configuration:
🔧 Environment: server
📊 Database: 192.168.2.160:3306/radio
👤 DB User: n8nuser
🐙 GitHub: saber13812002/iranseda-crawler-golang-@download-db
📁 Downloads: /mnt/data/saberprojects/iranseda-crawler-golang-/downloads
📄 Docs: /mnt/data/saberprojects/iranseda-crawler-golang-/docs

✅ Connected to database
📊 Found 78 programs
✅ Generated index.html
✅ Generated program 1/78: 1.html (379 sessions)
✅ Generated program 2/78: 2.html (604 sessions)
✅ Generated program 3/78: 3.html (219 sessions)
✅ Generated program 4/78: 4.html (22 sessions)
✅ Generated program 5/78: 5.html (104 sessions)
✅ Generated program 6/78: 6.html (102 sessions)
✅ Generated program 7/78: 7.html (127 sessions)
✅ Generated program 8/78: 8.html (36 sessions)
✅ Generated program 9/78: 9.html (347 sessions)
✅ Generated program 10/78: 10.html (3 sessions)
✅ Generated program 11/78: 11.html (20 sessions)
✅ Generated program 12/78: 12.html (335 sessions)
✅ Generated program 13/78: 13.html (224 sessions)
✅ Generated program 14/78: 14.html (529 sessions)
✅ Generated program 15/78: 15.html (338 sessions)
✅ Generated program 16/78: 16.html (518 sessions)
✅ Generated program 17/78: 17.html (237 sessions)
✅ Generated program 18/78: 18.html (387 sessions)
✅ Generated program 19/78: 19.html (313 sessions)
✅ Generated program 20/78: 20.html (96 sessions)
✅ Generated program 21/78: 21.html (96 sessions)
✅ Generated program 22/78: 22.html (63 sessions)
✅ Generated program 23/78: 23.html (257 sessions)
✅ Generated program 24/78: 24.html (85 sessions)
✅ Generated program 25/78: 25.html (33 sessions)
✅ Generated program 26/78: 26.html (91 sessions)
✅ Generated program 27/78: 27.html (20 sessions)
✅ Generated program 28/78: 28.html (105 sessions)
✅ Generated program 29/78: 29.html (2 sessions)
✅ Generated program 30/78: 30.html (2 sessions)
✅ Generated program 31/78: 31.html (0 sessions)
✅ Generated program 32/78: 32.html (0 sessions)
✅ Generated program 33/78: 33.html (0 sessions)
✅ Generated program 34/78: 34.html (2 sessions)
✅ Generated program 35/78: 35.html (0 sessions)
✅ Generated program 36/78: 36.html (1 sessions)
✅ Generated program 37/78: 37.html (0 sessions)
✅ Generated program 38/78: 38.html (0 sessions)
✅ Generated program 39/78: 39.html (0 sessions)
✅ Generated program 40/78: 40.html (0 sessions)
✅ Generated program 41/78: 41.html (0 sessions)
✅ Generated program 42/78: 42.html (0 sessions)
✅ Generated program 43/78: 43.html (0 sessions)
✅ Generated program 44/78: 44.html (0 sessions)
✅ Generated program 45/78: 45.html (1 sessions)
✅ Generated program 46/78: 46.html (1 sessions)
✅ Generated program 47/78: 47.html (1 sessions)
✅ Generated program 48/78: 48.html (0 sessions)
✅ Generated program 49/78: 49.html (0 sessions)
✅ Generated program 50/78: 50.html (1 sessions)
✅ Generated program 51/78: 51.html (0 sessions)
✅ Generated program 52/78: 52.html (0 sessions)
✅ Generated program 53/78: 53.html (0 sessions)
✅ Generated program 54/78: 54.html (0 sessions)
✅ Generated program 55/78: 55.html (0 sessions)
✅ Generated program 56/78: 56.html (0 sessions)
✅ Generated program 57/78: 57.html (0 sessions)
✅ Generated program 58/78: 58.html (0 sessions)
✅ Generated program 59/78: 59.html (0 sessions)
✅ Generated program 60/78: 60.html (0 sessions)
✅ Generated program 61/78: 61.html (0 sessions)
✅ Generated program 62/78: 62.html (0 sessions)
✅ Generated program 63/78: 63.html (0 sessions)
✅ Generated program 64/78: 64.html (0 sessions)
✅ Generated program 65/78: 65.html (0 sessions)
✅ Generated program 66/78: 66.html (0 sessions)
✅ Generated program 67/78: 67.html (0 sessions)
✅ Generated program 68/78: 68.html (0 sessions)
✅ Generated program 69/78: 69.html (0 sessions)
✅ Generated program 70/78: 70.html (0 sessions)
✅ Generated program 71/78: 71.html (0 sessions)
✅ Generated program 72/78: 72.html (0 sessions)
✅ Generated program 73/78: 73.html (0 sessions)
✅ Generated program 74/78: 74.html (0 sessions)
✅ Generated program 75/78: 75.html (0 sessions)
✅ Generated program 76/78: 76.html (0 sessions)
✅ Generated program 77/78: 77.html (0 sessions)
✅ Generated program 78/78: 78.html (0 sessions)
🎉 Site generation complete! Output: /mnt/data/saberprojects/iranseda-crawler-golang-/docs
📁 Files created:
   - /mnt/data/saberprojects/iranseda-crawler-golang-/docs/index.html
   - /mnt/data/saberprojects/iranseda-crawler-golang-/docs/programs/*.html (78 files)

✅ فرآیند deploy با موفقیت انجام شد!
✅ اجرا با موفقیت تمام شد

⏳ منتظر 3 ساعت تا اجرای بعدی...
   اجرای بعدی: 2025-12-22 07:54:44

=========================================
⏰ اجرا در: 2025-12-22 04:56:40
=========================================
🚀 شروع فرآیند deploy...

📝 اضافه کردن تغییرات به git...
=========================================
⏰ اجرا در: 2025-12-22 07:52:29
=========================================
🚀 شروع فرآیند deploy...

📝 اضافه کردن تغییرات به git...
💾 ایجاد commit با پیام: 'new srt files'
[download-db d043f307] new srt files
 1 file changed, 6 insertions(+)
📤 ارسال تغییرات به GitHub...
To https://github.com/saber13812002/iranseda-crawler-golang-.git
   d4994257..d043f307  download-db -> download-db
✅ تغییرات با موفقیت push شدند

🔧 تنظیم متغیرهای محیطی...
🌐 تولید صفحات وب...
🚀 Starting static site generation...
🔧 Configuration:
🔧 Environment: server
📊 Database: 192.168.2.160:3306/radio
👤 DB User: n8nuser
🐙 GitHub: saber13812002/iranseda-crawler-golang-@download-db
📁 Downloads: /mnt/data/saberprojects/iranseda-crawler-golang-/downloads
📄 Docs: /mnt/data/saberprojects/iranseda-crawler-golang-/docs

✅ Connected to database
📊 Found 78 programs
✅ Generated index.html
✅ Generated program 1/78: 1.html (379 sessions)
✅ Generated program 2/78: 2.html (604 sessions)
✅ Generated program 3/78: 3.html (219 sessions)
✅ Generated program 4/78: 4.html (22 sessions)
✅ Generated program 5/78: 5.html (104 sessions)
✅ Generated program 6/78: 6.html (102 sessions)
✅ Generated program 7/78: 7.html (127 sessions)
✅ Generated program 8/78: 8.html (36 sessions)
✅ Generated program 9/78: 9.html (347 sessions)
✅ Generated program 10/78: 10.html (3 sessions)
✅ Generated program 11/78: 11.html (20 sessions)
✅ Generated program 12/78: 12.html (335 sessions)
✅ Generated program 13/78: 13.html (224 sessions)
✅ Generated program 14/78: 14.html (529 sessions)
✅ Generated program 15/78: 15.html (338 sessions)
✅ Generated program 16/78: 16.html (518 sessions)
✅ Generated program 17/78: 17.html (237 sessions)
✅ Generated program 18/78: 18.html (387 sessions)
✅ Generated program 19/78: 19.html (313 sessions)
✅ Generated program 20/78: 20.html (96 sessions)
✅ Generated program 21/78: 21.html (96 sessions)
✅ Generated program 22/78: 22.html (63 sessions)
✅ Generated program 23/78: 23.html (257 sessions)
✅ Generated program 24/78: 24.html (85 sessions)
✅ Generated program 25/78: 25.html (33 sessions)
✅ Generated program 26/78: 26.html (91 sessions)
✅ Generated program 27/78: 27.html (20 sessions)
✅ Generated program 28/78: 28.html (105 sessions)
✅ Generated program 29/78: 29.html (2 sessions)
✅ Generated program 30/78: 30.html (2 sessions)
✅ Generated program 31/78: 31.html (0 sessions)
✅ Generated program 32/78: 32.html (0 sessions)
✅ Generated program 33/78: 33.html (0 sessions)
✅ Generated program 34/78: 34.html (2 sessions)
✅ Generated program 35/78: 35.html (0 sessions)
✅ Generated program 36/78: 36.html (1 sessions)
✅ Generated program 37/78: 37.html (0 sessions)
✅ Generated program 38/78: 38.html (0 sessions)
✅ Generated program 39/78: 39.html (0 sessions)
✅ Generated program 40/78: 40.html (0 sessions)
✅ Generated program 41/78: 41.html (0 sessions)
✅ Generated program 42/78: 42.html (0 sessions)
✅ Generated program 43/78: 43.html (0 sessions)
✅ Generated program 44/78: 44.html (0 sessions)
✅ Generated program 45/78: 45.html (1 sessions)
✅ Generated program 46/78: 46.html (1 sessions)
✅ Generated program 47/78: 47.html (1 sessions)
✅ Generated program 48/78: 48.html (0 sessions)
✅ Generated program 49/78: 49.html (0 sessions)
✅ Generated program 50/78: 50.html (1 sessions)
✅ Generated program 51/78: 51.html (0 sessions)
✅ Generated program 52/78: 52.html (0 sessions)
✅ Generated program 53/78: 53.html (0 sessions)
✅ Generated program 54/78: 54.html (0 sessions)
✅ Generated program 55/78: 55.html (0 sessions)
✅ Generated program 56/78: 56.html (0 sessions)
✅ Generated program 57/78: 57.html (0 sessions)
✅ Generated program 58/78: 58.html (0 sessions)
✅ Generated program 59/78: 59.html (0 sessions)
✅ Generated program 60/78: 60.html (0 sessions)
✅ Generated program 61/78: 61.html (0 sessions)
✅ Generated program 62/78: 62.html (0 sessions)
✅ Generated program 63/78: 63.html (0 sessions)
✅ Generated program 64/78: 64.html (0 sessions)
✅ Generated program 65/78: 65.html (0 sessions)
✅ Generated program 66/78: 66.html (0 sessions)
✅ Generated program 67/78: 67.html (0 sessions)
✅ Generated program 68/78: 68.html (0 sessions)
✅ Generated program 69/78: 69.html (0 sessions)
✅ Generated program 70/78: 70.html (0 sessions)
✅ Generated program 71/78: 71.html (0 sessions)
✅ Generated program 72/78: 72.html (0 sessions)
✅ Generated program 73/78: 73.html (0 sessions)
✅ Generated program 74/78: 74.html (0 sessions)
✅ Generated program 75/78: 75.html (0 sessions)
✅ Generated program 76/78: 76.html (0 sessions)
✅ Generated program 77/78: 77.html (0 sessions)
✅ Generated program 78/78: 78.html (0 sessions)
🎉 Site generation complete! Output: /mnt/data/saberprojects/iranseda-crawler-golang-/docs
📁 Files created:
   - /mnt/data/saberprojects/iranseda-crawler-golang-/docs/index.html
   - /mnt/data/saberprojects/iranseda-crawler-golang-/docs/programs/*.html (78 files)

✅ فرآیند deploy با موفقیت انجام شد!
✅ اجرا با موفقیت تمام شد

⏳ منتظر 3 ساعت تا اجرای بعدی...
   اجرای بعدی: 2025-12-22 10:52:35

=========================================
⏰ اجرا در: 2025-12-22 07:54:44
=========================================
🚀 شروع فرآیند deploy...

📝 اضافه کردن تغییرات به git...
💾 ایجاد commit با پیام: 'new srt files'
[download-db 38ac79ef] new srt files
 2 files changed, 128 insertions(+), 11 deletions(-)
📤 ارسال تغییرات به GitHub...
To https://github.com/saber13812002/iranseda-crawler-golang-.git
   d043f307..38ac79ef  download-db -> download-db
✅ تغییرات با موفقیت push شدند

🔧 تنظیم متغیرهای محیطی...
🌐 تولید صفحات وب...
🚀 Starting static site generation...
🔧 Configuration:
🔧 Environment: server
📊 Database: 192.168.2.160:3306/radio
👤 DB User: n8nuser
🐙 GitHub: saber13812002/iranseda-crawler-golang-@download-db
📁 Downloads: /mnt/data/saberprojects/iranseda-crawler-golang-/downloads
📄 Docs: /mnt/data/saberprojects/iranseda-crawler-golang-/docs

✅ Connected to database
📊 Found 78 programs
✅ Generated index.html
✅ Generated program 1/78: 1.html (379 sessions)
✅ Generated program 2/78: 2.html (604 sessions)
✅ Generated program 3/78: 3.html (219 sessions)
✅ Generated program 4/78: 4.html (22 sessions)
✅ Generated program 5/78: 5.html (104 sessions)
✅ Generated program 6/78: 6.html (102 sessions)
✅ Generated program 7/78: 7.html (127 sessions)
✅ Generated program 8/78: 8.html (36 sessions)
✅ Generated program 9/78: 9.html (347 sessions)
✅ Generated program 10/78: 10.html (3 sessions)
✅ Generated program 11/78: 11.html (20 sessions)
✅ Generated program 12/78: 12.html (335 sessions)
✅ Generated program 13/78: 13.html (224 sessions)
✅ Generated program 14/78: 14.html (529 sessions)
✅ Generated program 15/78: 15.html (338 sessions)
✅ Generated program 16/78: 16.html (518 sessions)
✅ Generated program 17/78: 17.html (237 sessions)
✅ Generated program 18/78: 18.html (387 sessions)
✅ Generated program 19/78: 19.html (313 sessions)
✅ Generated program 20/78: 20.html (96 sessions)
✅ Generated program 21/78: 21.html (96 sessions)
✅ Generated program 22/78: 22.html (63 sessions)
✅ Generated program 23/78: 23.html (257 sessions)
✅ Generated program 24/78: 24.html (85 sessions)
✅ Generated program 25/78: 25.html (33 sessions)
✅ Generated program 26/78: 26.html (91 sessions)
✅ Generated program 27/78: 27.html (20 sessions)
✅ Generated program 28/78: 28.html (105 sessions)
✅ Generated program 29/78: 29.html (2 sessions)
✅ Generated program 30/78: 30.html (2 sessions)
✅ Generated program 31/78: 31.html (0 sessions)
✅ Generated program 32/78: 32.html (0 sessions)
✅ Generated program 33/78: 33.html (0 sessions)
✅ Generated program 34/78: 34.html (2 sessions)
✅ Generated program 35/78: 35.html (0 sessions)
✅ Generated program 36/78: 36.html (1 sessions)
✅ Generated program 37/78: 37.html (0 sessions)
✅ Generated program 38/78: 38.html (0 sessions)
✅ Generated program 39/78: 39.html (0 sessions)
✅ Generated program 40/78: 40.html (0 sessions)
✅ Generated program 41/78: 41.html (0 sessions)
✅ Generated program 42/78: 42.html (0 sessions)
✅ Generated program 43/78: 43.html (0 sessions)
✅ Generated program 44/78: 44.html (0 sessions)
✅ Generated program 45/78: 45.html (1 sessions)
✅ Generated program 46/78: 46.html (1 sessions)
✅ Generated program 47/78: 47.html (1 sessions)
✅ Generated program 48/78: 48.html (0 sessions)
✅ Generated program 49/78: 49.html (0 sessions)
✅ Generated program 50/78: 50.html (1 sessions)
✅ Generated program 51/78: 51.html (0 sessions)
✅ Generated program 52/78: 52.html (0 sessions)
✅ Generated program 53/78: 53.html (0 sessions)
✅ Generated program 54/78: 54.html (0 sessions)
✅ Generated program 55/78: 55.html (0 sessions)
✅ Generated program 56/78: 56.html (0 sessions)
✅ Generated program 57/78: 57.html (0 sessions)
✅ Generated program 58/78: 58.html (0 sessions)
✅ Generated program 59/78: 59.html (0 sessions)
✅ Generated program 60/78: 60.html (0 sessions)
✅ Generated program 61/78: 61.html (0 sessions)
✅ Generated program 62/78: 62.html (0 sessions)
✅ Generated program 63/78: 63.html (0 sessions)
✅ Generated program 64/78: 64.html (0 sessions)
✅ Generated program 65/78: 65.html (0 sessions)
✅ Generated program 66/78: 66.html (0 sessions)
✅ Generated program 67/78: 67.html (0 sessions)
✅ Generated program 68/78: 68.html (0 sessions)
✅ Generated program 69/78: 69.html (0 sessions)
✅ Generated program 70/78: 70.html (0 sessions)
✅ Generated program 71/78: 71.html (0 sessions)
✅ Generated program 72/78: 72.html (0 sessions)
✅ Generated program 73/78: 73.html (0 sessions)
✅ Generated program 74/78: 74.html (0 sessions)
✅ Generated program 75/78: 75.html (0 sessions)
✅ Generated program 76/78: 76.html (0 sessions)
✅ Generated program 77/78: 77.html (0 sessions)
✅ Generated program 78/78: 78.html (0 sessions)
🎉 Site generation complete! Output: /mnt/data/saberprojects/iranseda-crawler-golang-/docs
📁 Files created:
   - /mnt/data/saberprojects/iranseda-crawler-golang-/docs/index.html
   - /mnt/data/saberprojects/iranseda-crawler-golang-/docs/programs/*.html (78 files)

✅ فرآیند deploy با موفقیت انجام شد!
✅ اجرا با موفقیت تمام شد

⏳ منتظر 3 ساعت تا اجرای بعدی...
   اجرای بعدی: 2025-12-22 10:54:51

=========================================
⏰ اجرا در: 2025-12-22 07:56:46
=========================================
🚀 شروع فرآیند deploy...

📝 اضافه کردن تغییرات به git...
=========================================
⏰ اجرا در: 2025-12-22 10:52:35
=========================================
🚀 شروع فرآیند deploy...

📝 اضافه کردن تغییرات به git...
💾 ایجاد commit با پیام: 'new srt files'
[download-db 586782f5] new srt files
 6 files changed, 102 insertions(+), 24 deletions(-)
📤 ارسال تغییرات به GitHub...
To https://github.com/saber13812002/iranseda-crawler-golang-.git
   c5447a9b..586782f5  download-db -> download-db
✅ تغییرات با موفقیت push شدند

🔧 تنظیم متغیرهای محیطی...
🌐 تولید صفحات وب...
🚀 Starting static site generation...
🔧 Configuration:
🔧 Environment: server
📊 Database: 192.168.2.160:3306/radio
👤 DB User: n8nuser
🐙 GitHub: saber13812002/iranseda-crawler-golang-@download-db
📁 Downloads: /mnt/data/saberprojects/iranseda-crawler-golang-/downloads
📄 Docs: /mnt/data/saberprojects/iranseda-crawler-golang-/docs

✅ Connected to database
📊 Found 78 programs
✅ Generated index.html
✅ Generated program 1/78: 1.html (380 sessions)
✅ Generated program 2/78: 2.html (605 sessions)
✅ Generated program 3/78: 3.html (219 sessions)
✅ Generated program 4/78: 4.html (22 sessions)
✅ Generated program 5/78: 5.html (104 sessions)
✅ Generated program 6/78: 6.html (102 sessions)
✅ Generated program 7/78: 7.html (127 sessions)
✅ Generated program 8/78: 8.html (36 sessions)
✅ Generated program 9/78: 9.html (347 sessions)
✅ Generated program 10/78: 10.html (3 sessions)
✅ Generated program 11/78: 11.html (20 sessions)
✅ Generated program 12/78: 12.html (336 sessions)
✅ Generated program 13/78: 13.html (224 sessions)
✅ Generated program 14/78: 14.html (529 sessions)
✅ Generated program 15/78: 15.html (338 sessions)
✅ Generated program 16/78: 16.html (518 sessions)
✅ Generated program 17/78: 17.html (237 sessions)
✅ Generated program 18/78: 18.html (388 sessions)
✅ Generated program 19/78: 19.html (313 sessions)
✅ Generated program 20/78: 20.html (96 sessions)
✅ Generated program 21/78: 21.html (96 sessions)
✅ Generated program 22/78: 22.html (63 sessions)
✅ Generated program 23/78: 23.html (257 sessions)
✅ Generated program 24/78: 24.html (85 sessions)
✅ Generated program 25/78: 25.html (33 sessions)
✅ Generated program 26/78: 26.html (91 sessions)
✅ Generated program 27/78: 27.html (20 sessions)
✅ Generated program 28/78: 28.html (105 sessions)
✅ Generated program 29/78: 29.html (2 sessions)
✅ Generated program 30/78: 30.html (2 sessions)
✅ Generated program 31/78: 31.html (0 sessions)
✅ Generated program 32/78: 32.html (0 sessions)
✅ Generated program 33/78: 33.html (0 sessions)
✅ Generated program 34/78: 34.html (2 sessions)
✅ Generated program 35/78: 35.html (0 sessions)
✅ Generated program 36/78: 36.html (1 sessions)
✅ Generated program 37/78: 37.html (0 sessions)
✅ Generated program 38/78: 38.html (0 sessions)
✅ Generated program 39/78: 39.html (0 sessions)
✅ Generated program 40/78: 40.html (0 sessions)
✅ Generated program 41/78: 41.html (0 sessions)
✅ Generated program 42/78: 42.html (0 sessions)
✅ Generated program 43/78: 43.html (0 sessions)
✅ Generated program 44/78: 44.html (0 sessions)
✅ Generated program 45/78: 45.html (1 sessions)
✅ Generated program 46/78: 46.html (1 sessions)
✅ Generated program 47/78: 47.html (1 sessions)
✅ Generated program 48/78: 48.html (0 sessions)
✅ Generated program 49/78: 49.html (0 sessions)
✅ Generated program 50/78: 50.html (1 sessions)
✅ Generated program 51/78: 51.html (0 sessions)
✅ Generated program 52/78: 52.html (0 sessions)
✅ Generated program 53/78: 53.html (0 sessions)
✅ Generated program 54/78: 54.html (0 sessions)
✅ Generated program 55/78: 55.html (0 sessions)
✅ Generated program 56/78: 56.html (0 sessions)
✅ Generated program 57/78: 57.html (0 sessions)
✅ Generated program 58/78: 58.html (0 sessions)
✅ Generated program 59/78: 59.html (0 sessions)
✅ Generated program 60/78: 60.html (0 sessions)
✅ Generated program 61/78: 61.html (0 sessions)
✅ Generated program 62/78: 62.html (0 sessions)
✅ Generated program 63/78: 63.html (0 sessions)
✅ Generated program 64/78: 64.html (0 sessions)
✅ Generated program 65/78: 65.html (0 sessions)
✅ Generated program 66/78: 66.html (0 sessions)
✅ Generated program 67/78: 67.html (0 sessions)
✅ Generated program 68/78: 68.html (0 sessions)
✅ Generated program 69/78: 69.html (0 sessions)
✅ Generated program 70/78: 70.html (0 sessions)
✅ Generated program 71/78: 71.html (0 sessions)
✅ Generated program 72/78: 72.html (0 sessions)
✅ Generated program 73/78: 73.html (0 sessions)
✅ Generated program 74/78: 74.html (0 sessions)
✅ Generated program 75/78: 75.html (0 sessions)
✅ Generated program 76/78: 76.html (0 sessions)
✅ Generated program 77/78: 77.html (0 sessions)
✅ Generated program 78/78: 78.html (0 sessions)
🎉 Site generation complete! Output: /mnt/data/saberprojects/iranseda-crawler-golang-/docs
📁 Files created:
   - /mnt/data/saberprojects/iranseda-crawler-golang-/docs/index.html
   - /mnt/data/saberprojects/iranseda-crawler-golang-/docs/programs/*.html (78 files)

✅ فرآیند deploy با موفقیت انجام شد!
✅ اجرا با موفقیت تمام شد

⏳ منتظر 3 ساعت تا اجرای بعدی...
   اجرای بعدی: 2025-12-22 13:52:42

=========================================
⏰ اجرا در: 2025-12-22 10:54:51
=========================================
🚀 شروع فرآیند deploy...

📝 اضافه کردن تغییرات به git...
💾 ایجاد commit با پیام: 'new srt files'
[download-db 8e1c5192] new srt files
 6 files changed, 136 insertions(+), 19 deletions(-)
📤 ارسال تغییرات به GitHub...
To https://github.com/saber13812002/iranseda-crawler-golang-.git
   586782f5..8e1c5192  download-db -> download-db
✅ تغییرات با موفقیت push شدند

🔧 تنظیم متغیرهای محیطی...
🌐 تولید صفحات وب...
🚀 Starting static site generation...
🔧 Configuration:
🔧 Environment: server
📊 Database: 192.168.2.160:3306/radio
👤 DB User: n8nuser
🐙 GitHub: saber13812002/iranseda-crawler-golang-@download-db
📁 Downloads: /mnt/data/saberprojects/iranseda-crawler-golang-/downloads
📄 Docs: /mnt/data/saberprojects/iranseda-crawler-golang-/docs

✅ Connected to database
📊 Found 78 programs
✅ Generated index.html
✅ Generated program 1/78: 1.html (380 sessions)
✅ Generated program 2/78: 2.html (605 sessions)
✅ Generated program 3/78: 3.html (219 sessions)
✅ Generated program 4/78: 4.html (22 sessions)
✅ Generated program 5/78: 5.html (104 sessions)
✅ Generated program 6/78: 6.html (102 sessions)
✅ Generated program 7/78: 7.html (127 sessions)
✅ Generated program 8/78: 8.html (36 sessions)
✅ Generated program 9/78: 9.html (347 sessions)
✅ Generated program 10/78: 10.html (3 sessions)
✅ Generated program 11/78: 11.html (20 sessions)
✅ Generated program 12/78: 12.html (336 sessions)
✅ Generated program 13/78: 13.html (224 sessions)
✅ Generated program 14/78: 14.html (529 sessions)
✅ Generated program 15/78: 15.html (338 sessions)
✅ Generated program 16/78: 16.html (518 sessions)
✅ Generated program 17/78: 17.html (237 sessions)
✅ Generated program 18/78: 18.html (388 sessions)
✅ Generated program 19/78: 19.html (313 sessions)
✅ Generated program 20/78: 20.html (96 sessions)
✅ Generated program 21/78: 21.html (96 sessions)
✅ Generated program 22/78: 22.html (63 sessions)
✅ Generated program 23/78: 23.html (257 sessions)
✅ Generated program 24/78: 24.html (85 sessions)
✅ Generated program 25/78: 25.html (33 sessions)
✅ Generated program 26/78: 26.html (91 sessions)
✅ Generated program 27/78: 27.html (20 sessions)
✅ Generated program 28/78: 28.html (105 sessions)
✅ Generated program 29/78: 29.html (2 sessions)
✅ Generated program 30/78: 30.html (2 sessions)
✅ Generated program 31/78: 31.html (0 sessions)
✅ Generated program 32/78: 32.html (0 sessions)
✅ Generated program 33/78: 33.html (0 sessions)
✅ Generated program 34/78: 34.html (2 sessions)
✅ Generated program 35/78: 35.html (0 sessions)
✅ Generated program 36/78: 36.html (1 sessions)
✅ Generated program 37/78: 37.html (0 sessions)
✅ Generated program 38/78: 38.html (0 sessions)
✅ Generated program 39/78: 39.html (0 sessions)
✅ Generated program 40/78: 40.html (0 sessions)
✅ Generated program 41/78: 41.html (0 sessions)
✅ Generated program 42/78: 42.html (0 sessions)
✅ Generated program 43/78: 43.html (0 sessions)
✅ Generated program 44/78: 44.html (0 sessions)
✅ Generated program 45/78: 45.html (1 sessions)
✅ Generated program 46/78: 46.html (1 sessions)
✅ Generated program 47/78: 47.html (1 sessions)
✅ Generated program 48/78: 48.html (0 sessions)
✅ Generated program 49/78: 49.html (0 sessions)
✅ Generated program 50/78: 50.html (1 sessions)
✅ Generated program 51/78: 51.html (0 sessions)
✅ Generated program 52/78: 52.html (0 sessions)
✅ Generated program 53/78: 53.html (0 sessions)
✅ Generated program 54/78: 54.html (0 sessions)
✅ Generated program 55/78: 55.html (0 sessions)
✅ Generated program 56/78: 56.html (0 sessions)
✅ Generated program 57/78: 57.html (0 sessions)
✅ Generated program 58/78: 58.html (0 sessions)
✅ Generated program 59/78: 59.html (0 sessions)
✅ Generated program 60/78: 60.html (0 sessions)
✅ Generated program 61/78: 61.html (0 sessions)
✅ Generated program 62/78: 62.html (0 sessions)
✅ Generated program 63/78: 63.html (0 sessions)
✅ Generated program 64/78: 64.html (0 sessions)
✅ Generated program 65/78: 65.html (0 sessions)
✅ Generated program 66/78: 66.html (0 sessions)
✅ Generated program 67/78: 67.html (0 sessions)
✅ Generated program 68/78: 68.html (0 sessions)
✅ Generated program 69/78: 69.html (0 sessions)
✅ Generated program 70/78: 70.html (0 sessions)
✅ Generated program 71/78: 71.html (0 sessions)
✅ Generated program 72/78: 72.html (0 sessions)
✅ Generated program 73/78: 73.html (0 sessions)
✅ Generated program 74/78: 74.html (0 sessions)
✅ Generated program 75/78: 75.html (0 sessions)
✅ Generated program 76/78: 76.html (0 sessions)
✅ Generated program 77/78: 77.html (0 sessions)
✅ Generated program 78/78: 78.html (0 sessions)
🎉 Site generation complete! Output: /mnt/data/saberprojects/iranseda-crawler-golang-/docs
📁 Files created:
   - /mnt/data/saberprojects/iranseda-crawler-golang-/docs/index.html
   - /mnt/data/saberprojects/iranseda-crawler-golang-/docs/programs/*.html (78 files)

✅ فرآیند deploy با موفقیت انجام شد!
✅ اجرا با موفقیت تمام شد

⏳ منتظر 3 ساعت تا اجرای بعدی...
   اجرای بعدی: 2025-12-22 13:54:58

=========================================
⏰ اجرا در: 2025-12-22 10:56:53
=========================================
🚀 شروع فرآیند deploy...

📝 اضافه کردن تغییرات به git...
=========================================
⏰ اجرا در: 2025-12-22 13:52:42
=========================================
🚀 شروع فرآیند deploy...

📝 اضافه کردن تغییرات به git...
💾 ایجاد commit با پیام: 'new srt files'
[download-db 3e257470] new srt files
 1 file changed, 6 insertions(+)
📤 ارسال تغییرات به GitHub...
To https://github.com/saber13812002/iranseda-crawler-golang-.git
   f558c871..3e257470  download-db -> download-db
✅ تغییرات با موفقیت push شدند

🔧 تنظیم متغیرهای محیطی...
🌐 تولید صفحات وب...
🚀 Starting static site generation...
🔧 Configuration:
🔧 Environment: server
📊 Database: 192.168.2.160:3306/radio
👤 DB User: n8nuser
🐙 GitHub: saber13812002/iranseda-crawler-golang-@download-db
📁 Downloads: /mnt/data/saberprojects/iranseda-crawler-golang-/downloads
📄 Docs: /mnt/data/saberprojects/iranseda-crawler-golang-/docs

✅ Connected to database
📊 Found 78 programs
✅ Generated index.html
✅ Generated program 1/78: 1.html (380 sessions)
✅ Generated program 2/78: 2.html (605 sessions)
✅ Generated program 3/78: 3.html (219 sessions)
✅ Generated program 4/78: 4.html (22 sessions)
✅ Generated program 5/78: 5.html (104 sessions)
✅ Generated program 6/78: 6.html (102 sessions)
✅ Generated program 7/78: 7.html (127 sessions)
✅ Generated program 8/78: 8.html (36 sessions)
✅ Generated program 9/78: 9.html (347 sessions)
✅ Generated program 10/78: 10.html (3 sessions)
✅ Generated program 11/78: 11.html (20 sessions)
✅ Generated program 12/78: 12.html (336 sessions)
✅ Generated program 13/78: 13.html (224 sessions)
✅ Generated program 14/78: 14.html (529 sessions)
✅ Generated program 15/78: 15.html (338 sessions)
✅ Generated program 16/78: 16.html (518 sessions)
✅ Generated program 17/78: 17.html (237 sessions)
✅ Generated program 18/78: 18.html (388 sessions)
✅ Generated program 19/78: 19.html (313 sessions)
✅ Generated program 20/78: 20.html (96 sessions)
✅ Generated program 21/78: 21.html (96 sessions)
✅ Generated program 22/78: 22.html (63 sessions)
✅ Generated program 23/78: 23.html (257 sessions)
✅ Generated program 24/78: 24.html (85 sessions)
✅ Generated program 25/78: 25.html (33 sessions)
✅ Generated program 26/78: 26.html (91 sessions)
✅ Generated program 27/78: 27.html (20 sessions)
✅ Generated program 28/78: 28.html (105 sessions)
✅ Generated program 29/78: 29.html (2 sessions)
✅ Generated program 30/78: 30.html (2 sessions)
✅ Generated program 31/78: 31.html (0 sessions)
✅ Generated program 32/78: 32.html (0 sessions)
✅ Generated program 33/78: 33.html (0 sessions)
✅ Generated program 34/78: 34.html (2 sessions)
✅ Generated program 35/78: 35.html (0 sessions)
✅ Generated program 36/78: 36.html (1 sessions)
✅ Generated program 37/78: 37.html (0 sessions)
✅ Generated program 38/78: 38.html (0 sessions)
✅ Generated program 39/78: 39.html (0 sessions)
✅ Generated program 40/78: 40.html (0 sessions)
✅ Generated program 41/78: 41.html (0 sessions)
✅ Generated program 42/78: 42.html (0 sessions)
✅ Generated program 43/78: 43.html (0 sessions)
✅ Generated program 44/78: 44.html (0 sessions)
✅ Generated program 45/78: 45.html (1 sessions)
✅ Generated program 46/78: 46.html (1 sessions)
✅ Generated program 47/78: 47.html (1 sessions)
✅ Generated program 48/78: 48.html (0 sessions)
✅ Generated program 49/78: 49.html (0 sessions)
✅ Generated program 50/78: 50.html (1 sessions)
✅ Generated program 51/78: 51.html (0 sessions)
✅ Generated program 52/78: 52.html (0 sessions)
✅ Generated program 53/78: 53.html (0 sessions)
✅ Generated program 54/78: 54.html (0 sessions)
✅ Generated program 55/78: 55.html (0 sessions)
✅ Generated program 56/78: 56.html (0 sessions)
✅ Generated program 57/78: 57.html (0 sessions)
✅ Generated program 58/78: 58.html (0 sessions)
✅ Generated program 59/78: 59.html (0 sessions)
✅ Generated program 60/78: 60.html (0 sessions)
✅ Generated program 61/78: 61.html (0 sessions)
✅ Generated program 62/78: 62.html (0 sessions)
✅ Generated program 63/78: 63.html (0 sessions)
✅ Generated program 64/78: 64.html (0 sessions)
✅ Generated program 65/78: 65.html (0 sessions)
✅ Generated program 66/78: 66.html (0 sessions)
✅ Generated program 67/78: 67.html (0 sessions)
✅ Generated program 68/78: 68.html (0 sessions)
✅ Generated program 69/78: 69.html (0 sessions)
✅ Generated program 70/78: 70.html (0 sessions)
✅ Generated program 71/78: 71.html (0 sessions)
✅ Generated program 72/78: 72.html (0 sessions)
✅ Generated program 73/78: 73.html (0 sessions)
✅ Generated program 74/78: 74.html (0 sessions)
✅ Generated program 75/78: 75.html (0 sessions)
✅ Generated program 76/78: 76.html (0 sessions)
✅ Generated program 77/78: 77.html (0 sessions)
✅ Generated program 78/78: 78.html (0 sessions)
🎉 Site generation complete! Output: /mnt/data/saberprojects/iranseda-crawler-golang-/docs
📁 Files created:
   - /mnt/data/saberprojects/iranseda-crawler-golang-/docs/index.html
   - /mnt/data/saberprojects/iranseda-crawler-golang-/docs/programs/*.html (78 files)

✅ فرآیند deploy با موفقیت انجام شد!
✅ اجرا با موفقیت تمام شد

⏳ منتظر 3 ساعت تا اجرای بعدی...
   اجرای بعدی: 2025-12-22 16:52:49

=========================================
⏰ اجرا در: 2025-12-22 13:54:58
=========================================
🚀 شروع فرآیند deploy...

📝 اضافه کردن تغییرات به git...
💾 ایجاد commit با پیام: 'new srt files'
[download-db b14432d9] new srt files
 2 files changed, 132 insertions(+), 15 deletions(-)
📤 ارسال تغییرات به GitHub...
To https://github.com/saber13812002/iranseda-crawler-golang-.git
   3e257470..b14432d9  download-db -> download-db
✅ تغییرات با موفقیت push شدند

🔧 تنظیم متغیرهای محیطی...
🌐 تولید صفحات وب...
🚀 Starting static site generation...
🔧 Configuration:
🔧 Environment: server
📊 Database: 192.168.2.160:3306/radio
👤 DB User: n8nuser
🐙 GitHub: saber13812002/iranseda-crawler-golang-@download-db
📁 Downloads: /mnt/data/saberprojects/iranseda-crawler-golang-/downloads
📄 Docs: /mnt/data/saberprojects/iranseda-crawler-golang-/docs

✅ Connected to database
📊 Found 78 programs
✅ Generated index.html
✅ Generated program 1/78: 1.html (380 sessions)
✅ Generated program 2/78: 2.html (605 sessions)
✅ Generated program 3/78: 3.html (219 sessions)
✅ Generated program 4/78: 4.html (22 sessions)
✅ Generated program 5/78: 5.html (104 sessions)
✅ Generated program 6/78: 6.html (102 sessions)
✅ Generated program 7/78: 7.html (127 sessions)
✅ Generated program 8/78: 8.html (36 sessions)
✅ Generated program 9/78: 9.html (347 sessions)
✅ Generated program 10/78: 10.html (3 sessions)
✅ Generated program 11/78: 11.html (20 sessions)
✅ Generated program 12/78: 12.html (336 sessions)
✅ Generated program 13/78: 13.html (224 sessions)
✅ Generated program 14/78: 14.html (529 sessions)
✅ Generated program 15/78: 15.html (338 sessions)
✅ Generated program 16/78: 16.html (518 sessions)
✅ Generated program 17/78: 17.html (237 sessions)
✅ Generated program 18/78: 18.html (388 sessions)
✅ Generated program 19/78: 19.html (313 sessions)
✅ Generated program 20/78: 20.html (96 sessions)
✅ Generated program 21/78: 21.html (96 sessions)
✅ Generated program 22/78: 22.html (63 sessions)
✅ Generated program 23/78: 23.html (257 sessions)
✅ Generated program 24/78: 24.html (85 sessions)
✅ Generated program 25/78: 25.html (33 sessions)
✅ Generated program 26/78: 26.html (91 sessions)
✅ Generated program 27/78: 27.html (20 sessions)
✅ Generated program 28/78: 28.html (105 sessions)
✅ Generated program 29/78: 29.html (2 sessions)
✅ Generated program 30/78: 30.html (2 sessions)
✅ Generated program 31/78: 31.html (0 sessions)
✅ Generated program 32/78: 32.html (0 sessions)
✅ Generated program 33/78: 33.html (0 sessions)
✅ Generated program 34/78: 34.html (2 sessions)
✅ Generated program 35/78: 35.html (0 sessions)
✅ Generated program 36/78: 36.html (1 sessions)
✅ Generated program 37/78: 37.html (0 sessions)
✅ Generated program 38/78: 38.html (0 sessions)
✅ Generated program 39/78: 39.html (0 sessions)
✅ Generated program 40/78: 40.html (0 sessions)
✅ Generated program 41/78: 41.html (0 sessions)
✅ Generated program 42/78: 42.html (0 sessions)
✅ Generated program 43/78: 43.html (0 sessions)
✅ Generated program 44/78: 44.html (0 sessions)
✅ Generated program 45/78: 45.html (1 sessions)
✅ Generated program 46/78: 46.html (1 sessions)
✅ Generated program 47/78: 47.html (1 sessions)
✅ Generated program 48/78: 48.html (0 sessions)
✅ Generated program 49/78: 49.html (0 sessions)
✅ Generated program 50/78: 50.html (1 sessions)
✅ Generated program 51/78: 51.html (0 sessions)
✅ Generated program 52/78: 52.html (0 sessions)
✅ Generated program 53/78: 53.html (0 sessions)
✅ Generated program 54/78: 54.html (0 sessions)
✅ Generated program 55/78: 55.html (0 sessions)
✅ Generated program 56/78: 56.html (0 sessions)
✅ Generated program 57/78: 57.html (0 sessions)
✅ Generated program 58/78: 58.html (0 sessions)
✅ Generated program 59/78: 59.html (0 sessions)
✅ Generated program 60/78: 60.html (0 sessions)
✅ Generated program 61/78: 61.html (0 sessions)
✅ Generated program 62/78: 62.html (0 sessions)
✅ Generated program 63/78: 63.html (0 sessions)
✅ Generated program 64/78: 64.html (0 sessions)
✅ Generated program 65/78: 65.html (0 sessions)
✅ Generated program 66/78: 66.html (0 sessions)
✅ Generated program 67/78: 67.html (0 sessions)
✅ Generated program 68/78: 68.html (0 sessions)
✅ Generated program 69/78: 69.html (0 sessions)
✅ Generated program 70/78: 70.html (0 sessions)
✅ Generated program 71/78: 71.html (0 sessions)
✅ Generated program 72/78: 72.html (0 sessions)
✅ Generated program 73/78: 73.html (0 sessions)
✅ Generated program 74/78: 74.html (0 sessions)
✅ Generated program 75/78: 75.html (0 sessions)
✅ Generated program 76/78: 76.html (0 sessions)
✅ Generated program 77/78: 77.html (0 sessions)
✅ Generated program 78/78: 78.html (0 sessions)
🎉 Site generation complete! Output: /mnt/data/saberprojects/iranseda-crawler-golang-/docs
📁 Files created:
   - /mnt/data/saberprojects/iranseda-crawler-golang-/docs/index.html
   - /mnt/data/saberprojects/iranseda-crawler-golang-/docs/programs/*.html (78 files)

✅ فرآیند deploy با موفقیت انجام شد!
✅ اجرا با موفقیت تمام شد

⏳ منتظر 3 ساعت تا اجرای بعدی...
   اجرای بعدی: 2025-12-22 16:55:05

=========================================
⏰ اجرا در: 2025-12-22 13:56:59
=========================================
🚀 شروع فرآیند deploy...

📝 اضافه کردن تغییرات به git...
💾 ایجاد commit با پیام: 'new srt files'
[download-db 97c56668] new srt files
 2 files changed, 118 insertions(+), 1 deletion(-)
📤 ارسال تغییرات به GitHub...
To https://github.com/saber13812002/iranseda-crawler-golang-.git
   b14432d9..97c56668  download-db -> download-db
✅ تغییرات با موفقیت push شدند

🔧 تنظیم متغیرهای محیطی...
🌐 تولید صفحات وب...
🚀 Starting static site generation...
🔧 Configuration:
🔧 Environment: server
📊 Database: 192.168.2.160:3306/radio
👤 DB User: n8nuser
🐙 GitHub: saber13812002/iranseda-crawler-golang-@download-db
📁 Downloads: /mnt/data/saberprojects/iranseda-crawler-golang-/downloads
📄 Docs: /mnt/data/saberprojects/iranseda-crawler-golang-/docs

✅ Connected to database
📊 Found 78 programs
✅ Generated index.html
✅ Generated program 1/78: 1.html (380 sessions)
✅ Generated program 2/78: 2.html (605 sessions)
✅ Generated program 3/78: 3.html (219 sessions)
✅ Generated program 4/78: 4.html (22 sessions)
✅ Generated program 5/78: 5.html (104 sessions)
✅ Generated program 6/78: 6.html (102 sessions)
✅ Generated program 7/78: 7.html (127 sessions)
✅ Generated program 8/78: 8.html (36 sessions)
✅ Generated program 9/78: 9.html (347 sessions)
✅ Generated program 10/78: 10.html (3 sessions)
✅ Generated program 11/78: 11.html (20 sessions)
✅ Generated program 12/78: 12.html (336 sessions)
✅ Generated program 13/78: 13.html (224 sessions)
✅ Generated program 14/78: 14.html (529 sessions)
✅ Generated program 15/78: 15.html (338 sessions)
✅ Generated program 16/78: 16.html (518 sessions)
✅ Generated program 17/78: 17.html (237 sessions)
✅ Generated program 18/78: 18.html (388 sessions)
✅ Generated program 19/78: 19.html (313 sessions)
✅ Generated program 20/78: 20.html (96 sessions)
✅ Generated program 21/78: 21.html (96 sessions)
✅ Generated program 22/78: 22.html (63 sessions)
✅ Generated program 23/78: 23.html (257 sessions)
✅ Generated program 24/78: 24.html (85 sessions)
✅ Generated program 25/78: 25.html (33 sessions)
✅ Generated program 26/78: 26.html (91 sessions)
✅ Generated program 27/78: 27.html (20 sessions)
✅ Generated program 28/78: 28.html (105 sessions)
✅ Generated program 29/78: 29.html (2 sessions)
✅ Generated program 30/78: 30.html (2 sessions)
✅ Generated program 31/78: 31.html (0 sessions)
✅ Generated program 32/78: 32.html (0 sessions)
✅ Generated program 33/78: 33.html (0 sessions)
✅ Generated program 34/78: 34.html (2 sessions)
✅ Generated program 35/78: 35.html (0 sessions)
✅ Generated program 36/78: 36.html (1 sessions)
✅ Generated program 37/78: 37.html (0 sessions)
✅ Generated program 38/78: 38.html (0 sessions)
✅ Generated program 39/78: 39.html (0 sessions)
✅ Generated program 40/78: 40.html (0 sessions)
✅ Generated program 41/78: 41.html (0 sessions)
✅ Generated program 42/78: 42.html (0 sessions)
✅ Generated program 43/78: 43.html (0 sessions)
✅ Generated program 44/78: 44.html (0 sessions)
✅ Generated program 45/78: 45.html (1 sessions)
✅ Generated program 46/78: 46.html (1 sessions)
✅ Generated program 47/78: 47.html (1 sessions)
✅ Generated program 48/78: 48.html (0 sessions)
✅ Generated program 49/78: 49.html (0 sessions)
✅ Generated program 50/78: 50.html (1 sessions)
✅ Generated program 51/78: 51.html (0 sessions)
✅ Generated program 52/78: 52.html (0 sessions)
✅ Generated program 53/78: 53.html (0 sessions)
✅ Generated program 54/78: 54.html (0 sessions)
✅ Generated program 55/78: 55.html (0 sessions)
✅ Generated program 56/78: 56.html (0 sessions)
✅ Generated program 57/78: 57.html (0 sessions)
✅ Generated program 58/78: 58.html (0 sessions)
✅ Generated program 59/78: 59.html (0 sessions)
✅ Generated program 60/78: 60.html (0 sessions)
✅ Generated program 61/78: 61.html (0 sessions)
✅ Generated program 62/78: 62.html (0 sessions)
✅ Generated program 63/78: 63.html (0 sessions)
✅ Generated program 64/78: 64.html (0 sessions)
✅ Generated program 65/78: 65.html (0 sessions)
✅ Generated program 66/78: 66.html (0 sessions)
✅ Generated program 67/78: 67.html (0 sessions)
✅ Generated program 68/78: 68.html (0 sessions)
✅ Generated program 69/78: 69.html (0 sessions)
✅ Generated program 70/78: 70.html (0 sessions)
✅ Generated program 71/78: 71.html (0 sessions)
✅ Generated program 72/78: 72.html (0 sessions)
✅ Generated program 73/78: 73.html (0 sessions)
✅ Generated program 74/78: 74.html (0 sessions)
✅ Generated program 75/78: 75.html (0 sessions)
✅ Generated program 76/78: 76.html (0 sessions)
✅ Generated program 77/78: 77.html (0 sessions)
✅ Generated program 78/78: 78.html (0 sessions)
🎉 Site generation complete! Output: /mnt/data/saberprojects/iranseda-crawler-golang-/docs
📁 Files created:
   - /mnt/data/saberprojects/iranseda-crawler-golang-/docs/index.html
   - /mnt/data/saberprojects/iranseda-crawler-golang-/docs/programs/*.html (78 files)

✅ فرآیند deploy با موفقیت انجام شد!
✅ اجرا با موفقیت تمام شد

⏳ منتظر 3 ساعت تا اجرای بعدی...
   اجرای بعدی: 2025-12-22 16:57:06

=========================================
⏰ اجرا در: 2025-12-22 16:52:49
=========================================
🚀 شروع فرآیند deploy...

📝 اضافه کردن تغییرات به git...
💾 ایجاد commit با پیام: 'new srt files'
[download-db c602b86c] new srt files
 11 files changed, 231 insertions(+), 45 deletions(-)
📤 ارسال تغییرات به GitHub...
To https://github.com/saber13812002/iranseda-crawler-golang-.git
   d6ab90b7..c602b86c  download-db -> download-db
✅ تغییرات با موفقیت push شدند

🔧 تنظیم متغیرهای محیطی...
🌐 تولید صفحات وب...
🚀 Starting static site generation...
🔧 Configuration:
🔧 Environment: server
📊 Database: 192.168.2.160:3306/radio
👤 DB User: n8nuser
🐙 GitHub: saber13812002/iranseda-crawler-golang-@download-db
📁 Downloads: /mnt/data/saberprojects/iranseda-crawler-golang-/downloads
📄 Docs: /mnt/data/saberprojects/iranseda-crawler-golang-/docs

✅ Connected to database
📊 Found 78 programs
✅ Generated index.html
✅ Generated program 1/78: 1.html (381 sessions)
✅ Generated program 2/78: 2.html (606 sessions)
✅ Generated program 3/78: 3.html (219 sessions)
✅ Generated program 4/78: 4.html (22 sessions)
✅ Generated program 5/78: 5.html (104 sessions)
✅ Generated program 6/78: 6.html (102 sessions)
✅ Generated program 7/78: 7.html (127 sessions)
✅ Generated program 8/78: 8.html (36 sessions)
✅ Generated program 9/78: 9.html (348 sessions)
✅ Generated program 10/78: 10.html (3 sessions)
✅ Generated program 11/78: 11.html (20 sessions)
✅ Generated program 12/78: 12.html (337 sessions)
✅ Generated program 13/78: 13.html (224 sessions)
✅ Generated program 14/78: 14.html (530 sessions)
✅ Generated program 15/78: 15.html (338 sessions)
✅ Generated program 16/78: 16.html (520 sessions)
✅ Generated program 17/78: 17.html (237 sessions)
✅ Generated program 18/78: 18.html (389 sessions)
✅ Generated program 19/78: 19.html (313 sessions)
✅ Generated program 20/78: 20.html (97 sessions)
✅ Generated program 21/78: 21.html (96 sessions)
✅ Generated program 22/78: 22.html (63 sessions)
✅ Generated program 23/78: 23.html (257 sessions)
✅ Generated program 24/78: 24.html (85 sessions)
✅ Generated program 25/78: 25.html (33 sessions)
✅ Generated program 26/78: 26.html (91 sessions)
✅ Generated program 27/78: 27.html (20 sessions)
✅ Generated program 28/78: 28.html (106 sessions)
✅ Generated program 29/78: 29.html (2 sessions)
✅ Generated program 30/78: 30.html (2 sessions)
✅ Generated program 31/78: 31.html (0 sessions)
✅ Generated program 32/78: 32.html (0 sessions)
✅ Generated program 33/78: 33.html (0 sessions)
✅ Generated program 34/78: 34.html (2 sessions)
✅ Generated program 35/78: 35.html (0 sessions)
✅ Generated program 36/78: 36.html (1 sessions)
✅ Generated program 37/78: 37.html (0 sessions)
✅ Generated program 38/78: 38.html (0 sessions)
✅ Generated program 39/78: 39.html (0 sessions)
✅ Generated program 40/78: 40.html (0 sessions)
✅ Generated program 41/78: 41.html (0 sessions)
✅ Generated program 42/78: 42.html (0 sessions)
✅ Generated program 43/78: 43.html (0 sessions)
✅ Generated program 44/78: 44.html (0 sessions)
✅ Generated program 45/78: 45.html (1 sessions)
✅ Generated program 46/78: 46.html (1 sessions)
✅ Generated program 47/78: 47.html (1 sessions)
✅ Generated program 48/78: 48.html (0 sessions)
✅ Generated program 49/78: 49.html (0 sessions)
✅ Generated program 50/78: 50.html (1 sessions)
✅ Generated program 51/78: 51.html (0 sessions)
✅ Generated program 52/78: 52.html (0 sessions)
✅ Generated program 53/78: 53.html (0 sessions)
✅ Generated program 54/78: 54.html (0 sessions)
✅ Generated program 55/78: 55.html (0 sessions)
✅ Generated program 56/78: 56.html (0 sessions)
✅ Generated program 57/78: 57.html (0 sessions)
✅ Generated program 58/78: 58.html (0 sessions)
✅ Generated program 59/78: 59.html (0 sessions)
✅ Generated program 60/78: 60.html (0 sessions)
✅ Generated program 61/78: 61.html (0 sessions)
✅ Generated program 62/78: 62.html (0 sessions)
✅ Generated program 63/78: 63.html (0 sessions)
✅ Generated program 64/78: 64.html (0 sessions)
✅ Generated program 65/78: 65.html (0 sessions)
✅ Generated program 66/78: 66.html (0 sessions)
✅ Generated program 67/78: 67.html (0 sessions)
✅ Generated program 68/78: 68.html (0 sessions)
✅ Generated program 69/78: 69.html (0 sessions)
✅ Generated program 70/78: 70.html (0 sessions)
✅ Generated program 71/78: 71.html (0 sessions)
✅ Generated program 72/78: 72.html (0 sessions)
✅ Generated program 73/78: 73.html (0 sessions)
✅ Generated program 74/78: 74.html (0 sessions)
✅ Generated program 75/78: 75.html (0 sessions)
✅ Generated program 76/78: 76.html (0 sessions)
✅ Generated program 77/78: 77.html (0 sessions)
✅ Generated program 78/78: 78.html (0 sessions)
🎉 Site generation complete! Output: /mnt/data/saberprojects/iranseda-crawler-golang-/docs
📁 Files created:
   - /mnt/data/saberprojects/iranseda-crawler-golang-/docs/index.html
   - /mnt/data/saberprojects/iranseda-crawler-golang-/docs/programs/*.html (78 files)

✅ فرآیند deploy با موفقیت انجام شد!
✅ اجرا با موفقیت تمام شد

⏳ منتظر 3 ساعت تا اجرای بعدی...
   اجرای بعدی: 2025-12-22 19:52:56

=========================================
⏰ اجرا در: 2025-12-22 16:55:05
=========================================
🚀 شروع فرآیند deploy...

📝 اضافه کردن تغییرات به git...
💾 ایجاد commit با پیام: 'new srt files'
[download-db 83614531] new srt files
 11 files changed, 148 insertions(+), 31 deletions(-)
📤 ارسال تغییرات به GitHub...
To https://github.com/saber13812002/iranseda-crawler-golang-.git
   c602b86c..83614531  download-db -> download-db
✅ تغییرات با موفقیت push شدند

🔧 تنظیم متغیرهای محیطی...
🌐 تولید صفحات وب...
🚀 Starting static site generation...
🔧 Configuration:
🔧 Environment: server
📊 Database: 192.168.2.160:3306/radio
👤 DB User: n8nuser
🐙 GitHub: saber13812002/iranseda-crawler-golang-@download-db
📁 Downloads: /mnt/data/saberprojects/iranseda-crawler-golang-/downloads
📄 Docs: /mnt/data/saberprojects/iranseda-crawler-golang-/docs

✅ Connected to database
📊 Found 78 programs
✅ Generated index.html
✅ Generated program 1/78: 1.html (381 sessions)
✅ Generated program 2/78: 2.html (606 sessions)
✅ Generated program 3/78: 3.html (219 sessions)
✅ Generated program 4/78: 4.html (22 sessions)
✅ Generated program 5/78: 5.html (104 sessions)
✅ Generated program 6/78: 6.html (102 sessions)
✅ Generated program 7/78: 7.html (127 sessions)
✅ Generated program 8/78: 8.html (36 sessions)
✅ Generated program 9/78: 9.html (348 sessions)
✅ Generated program 10/78: 10.html (3 sessions)
✅ Generated program 11/78: 11.html (20 sessions)
✅ Generated program 12/78: 12.html (337 sessions)
✅ Generated program 13/78: 13.html (224 sessions)
✅ Generated program 14/78: 14.html (530 sessions)
✅ Generated program 15/78: 15.html (338 sessions)
✅ Generated program 16/78: 16.html (520 sessions)
✅ Generated program 17/78: 17.html (237 sessions)
✅ Generated program 18/78: 18.html (389 sessions)
✅ Generated program 19/78: 19.html (313 sessions)
✅ Generated program 20/78: 20.html (97 sessions)
✅ Generated program 21/78: 21.html (96 sessions)
✅ Generated program 22/78: 22.html (63 sessions)
✅ Generated program 23/78: 23.html (257 sessions)
✅ Generated program 24/78: 24.html (85 sessions)
✅ Generated program 25/78: 25.html (33 sessions)
✅ Generated program 26/78: 26.html (91 sessions)
✅ Generated program 27/78: 27.html (20 sessions)
✅ Generated program 28/78: 28.html (106 sessions)
✅ Generated program 29/78: 29.html (2 sessions)
✅ Generated program 30/78: 30.html (2 sessions)
✅ Generated program 31/78: 31.html (0 sessions)
✅ Generated program 32/78: 32.html (0 sessions)
✅ Generated program 33/78: 33.html (0 sessions)
✅ Generated program 34/78: 34.html (2 sessions)
✅ Generated program 35/78: 35.html (0 sessions)
✅ Generated program 36/78: 36.html (1 sessions)
✅ Generated program 37/78: 37.html (0 sessions)
✅ Generated program 38/78: 38.html (0 sessions)
✅ Generated program 39/78: 39.html (0 sessions)
✅ Generated program 40/78: 40.html (0 sessions)
✅ Generated program 41/78: 41.html (0 sessions)
✅ Generated program 42/78: 42.html (0 sessions)
✅ Generated program 43/78: 43.html (0 sessions)
✅ Generated program 44/78: 44.html (0 sessions)
✅ Generated program 45/78: 45.html (1 sessions)
✅ Generated program 46/78: 46.html (1 sessions)
✅ Generated program 47/78: 47.html (1 sessions)
✅ Generated program 48/78: 48.html (0 sessions)
✅ Generated program 49/78: 49.html (0 sessions)
✅ Generated program 50/78: 50.html (1 sessions)
✅ Generated program 51/78: 51.html (0 sessions)
✅ Generated program 52/78: 52.html (0 sessions)
✅ Generated program 53/78: 53.html (0 sessions)
✅ Generated program 54/78: 54.html (0 sessions)
✅ Generated program 55/78: 55.html (0 sessions)
✅ Generated program 56/78: 56.html (0 sessions)
✅ Generated program 57/78: 57.html (0 sessions)
✅ Generated program 58/78: 58.html (0 sessions)
✅ Generated program 59/78: 59.html (0 sessions)
✅ Generated program 60/78: 60.html (0 sessions)
✅ Generated program 61/78: 61.html (0 sessions)
✅ Generated program 62/78: 62.html (0 sessions)
✅ Generated program 63/78: 63.html (0 sessions)
✅ Generated program 64/78: 64.html (0 sessions)
✅ Generated program 65/78: 65.html (0 sessions)
✅ Generated program 66/78: 66.html (0 sessions)
✅ Generated program 67/78: 67.html (0 sessions)
✅ Generated program 68/78: 68.html (0 sessions)
✅ Generated program 69/78: 69.html (0 sessions)
✅ Generated program 70/78: 70.html (0 sessions)
✅ Generated program 71/78: 71.html (0 sessions)
✅ Generated program 72/78: 72.html (0 sessions)
✅ Generated program 73/78: 73.html (0 sessions)
✅ Generated program 74/78: 74.html (0 sessions)
✅ Generated program 75/78: 75.html (0 sessions)
✅ Generated program 76/78: 76.html (0 sessions)
✅ Generated program 77/78: 77.html (0 sessions)
✅ Generated program 78/78: 78.html (0 sessions)
🎉 Site generation complete! Output: /mnt/data/saberprojects/iranseda-crawler-golang-/docs
📁 Files created:
   - /mnt/data/saberprojects/iranseda-crawler-golang-/docs/index.html
   - /mnt/data/saberprojects/iranseda-crawler-golang-/docs/programs/*.html (78 files)

✅ فرآیند deploy با موفقیت انجام شد!
✅ اجرا با موفقیت تمام شد

⏳ منتظر 3 ساعت تا اجرای بعدی...
   اجرای بعدی: 2025-12-22 19:55:11

=========================================
⏰ اجرا در: 2025-12-22 16:57:06
=========================================
🚀 شروع فرآیند deploy...

📝 اضافه کردن تغییرات به git...
=========================================
⏰ اجرا در: 2025-12-22 19:52:56
=========================================
🚀 شروع فرآیند deploy...

📝 اضافه کردن تغییرات به git...
💾 ایجاد commit با پیام: 'new srt files'
[download-db db092e45] new srt files
 1 file changed, 6 insertions(+)
📤 ارسال تغییرات به GitHub...
To https://github.com/saber13812002/iranseda-crawler-golang-.git
   3c3b3e27..db092e45  download-db -> download-db
✅ تغییرات با موفقیت push شدند

🔧 تنظیم متغیرهای محیطی...
🌐 تولید صفحات وب...
🚀 Starting static site generation...
🔧 Configuration:
🔧 Environment: server
📊 Database: 192.168.2.160:3306/radio
👤 DB User: n8nuser
🐙 GitHub: saber13812002/iranseda-crawler-golang-@download-db
📁 Downloads: /mnt/data/saberprojects/iranseda-crawler-golang-/downloads
📄 Docs: /mnt/data/saberprojects/iranseda-crawler-golang-/docs

✅ Connected to database
📊 Found 78 programs
✅ Generated index.html
✅ Generated program 1/78: 1.html (381 sessions)
✅ Generated program 2/78: 2.html (606 sessions)
✅ Generated program 3/78: 3.html (219 sessions)
✅ Generated program 4/78: 4.html (22 sessions)
✅ Generated program 5/78: 5.html (104 sessions)
✅ Generated program 6/78: 6.html (102 sessions)
✅ Generated program 7/78: 7.html (127 sessions)
✅ Generated program 8/78: 8.html (36 sessions)
✅ Generated program 9/78: 9.html (348 sessions)
✅ Generated program 10/78: 10.html (3 sessions)
✅ Generated program 11/78: 11.html (20 sessions)
✅ Generated program 12/78: 12.html (337 sessions)
✅ Generated program 13/78: 13.html (224 sessions)
✅ Generated program 14/78: 14.html (530 sessions)
✅ Generated program 15/78: 15.html (338 sessions)
✅ Generated program 16/78: 16.html (520 sessions)
✅ Generated program 17/78: 17.html (237 sessions)
✅ Generated program 18/78: 18.html (389 sessions)
✅ Generated program 19/78: 19.html (313 sessions)
✅ Generated program 20/78: 20.html (97 sessions)
✅ Generated program 21/78: 21.html (96 sessions)
✅ Generated program 22/78: 22.html (63 sessions)
✅ Generated program 23/78: 23.html (257 sessions)
✅ Generated program 24/78: 24.html (85 sessions)
✅ Generated program 25/78: 25.html (33 sessions)
✅ Generated program 26/78: 26.html (91 sessions)
✅ Generated program 27/78: 27.html (20 sessions)
✅ Generated program 28/78: 28.html (106 sessions)
✅ Generated program 29/78: 29.html (2 sessions)
✅ Generated program 30/78: 30.html (2 sessions)
✅ Generated program 31/78: 31.html (0 sessions)
✅ Generated program 32/78: 32.html (0 sessions)
✅ Generated program 33/78: 33.html (0 sessions)
✅ Generated program 34/78: 34.html (2 sessions)
✅ Generated program 35/78: 35.html (0 sessions)
✅ Generated program 36/78: 36.html (1 sessions)
✅ Generated program 37/78: 37.html (0 sessions)
✅ Generated program 38/78: 38.html (0 sessions)
✅ Generated program 39/78: 39.html (0 sessions)
✅ Generated program 40/78: 40.html (0 sessions)
✅ Generated program 41/78: 41.html (0 sessions)
✅ Generated program 42/78: 42.html (0 sessions)
✅ Generated program 43/78: 43.html (0 sessions)
✅ Generated program 44/78: 44.html (0 sessions)
✅ Generated program 45/78: 45.html (1 sessions)
✅ Generated program 46/78: 46.html (1 sessions)
✅ Generated program 47/78: 47.html (1 sessions)
✅ Generated program 48/78: 48.html (0 sessions)
✅ Generated program 49/78: 49.html (0 sessions)
✅ Generated program 50/78: 50.html (1 sessions)
✅ Generated program 51/78: 51.html (0 sessions)
✅ Generated program 52/78: 52.html (0 sessions)
✅ Generated program 53/78: 53.html (0 sessions)
✅ Generated program 54/78: 54.html (0 sessions)
✅ Generated program 55/78: 55.html (0 sessions)
✅ Generated program 56/78: 56.html (0 sessions)
✅ Generated program 57/78: 57.html (0 sessions)
✅ Generated program 58/78: 58.html (0 sessions)
✅ Generated program 59/78: 59.html (0 sessions)
✅ Generated program 60/78: 60.html (0 sessions)
✅ Generated program 61/78: 61.html (0 sessions)
✅ Generated program 62/78: 62.html (0 sessions)
✅ Generated program 63/78: 63.html (0 sessions)
✅ Generated program 64/78: 64.html (0 sessions)
✅ Generated program 65/78: 65.html (0 sessions)
✅ Generated program 66/78: 66.html (0 sessions)
✅ Generated program 67/78: 67.html (0 sessions)
✅ Generated program 68/78: 68.html (0 sessions)
✅ Generated program 69/78: 69.html (0 sessions)
✅ Generated program 70/78: 70.html (0 sessions)
✅ Generated program 71/78: 71.html (0 sessions)
✅ Generated program 72/78: 72.html (0 sessions)
✅ Generated program 73/78: 73.html (0 sessions)
✅ Generated program 74/78: 74.html (0 sessions)
✅ Generated program 75/78: 75.html (0 sessions)
✅ Generated program 76/78: 76.html (0 sessions)
✅ Generated program 77/78: 77.html (0 sessions)
✅ Generated program 78/78: 78.html (0 sessions)
🎉 Site generation complete! Output: /mnt/data/saberprojects/iranseda-crawler-golang-/docs
📁 Files created:
   - /mnt/data/saberprojects/iranseda-crawler-golang-/docs/index.html
   - /mnt/data/saberprojects/iranseda-crawler-golang-/docs/programs/*.html (78 files)

✅ فرآیند deploy با موفقیت انجام شد!
✅ اجرا با موفقیت تمام شد

⏳ منتظر 3 ساعت تا اجرای بعدی...
   اجرای بعدی: 2025-12-22 22:53:03

=========================================
⏰ اجرا در: 2025-12-22 19:55:11
=========================================
🚀 شروع فرآیند deploy...

📝 اضافه کردن تغییرات به git...
💾 ایجاد commit با پیام: 'new srt files'
[download-db 74cb896b] new srt files
 2 files changed, 132 insertions(+), 15 deletions(-)
📤 ارسال تغییرات به GitHub...
To https://github.com/saber13812002/iranseda-crawler-golang-.git
   db092e45..74cb896b  download-db -> download-db
✅ تغییرات با موفقیت push شدند

🔧 تنظیم متغیرهای محیطی...
🌐 تولید صفحات وب...
🚀 Starting static site generation...
🔧 Configuration:
🔧 Environment: server
📊 Database: 192.168.2.160:3306/radio
👤 DB User: n8nuser
🐙 GitHub: saber13812002/iranseda-crawler-golang-@download-db
📁 Downloads: /mnt/data/saberprojects/iranseda-crawler-golang-/downloads
📄 Docs: /mnt/data/saberprojects/iranseda-crawler-golang-/docs

✅ Connected to database
📊 Found 78 programs
✅ Generated index.html
✅ Generated program 1/78: 1.html (381 sessions)
✅ Generated program 2/78: 2.html (606 sessions)
✅ Generated program 3/78: 3.html (219 sessions)
✅ Generated program 4/78: 4.html (22 sessions)
✅ Generated program 5/78: 5.html (104 sessions)
✅ Generated program 6/78: 6.html (102 sessions)
✅ Generated program 7/78: 7.html (127 sessions)
✅ Generated program 8/78: 8.html (36 sessions)
✅ Generated program 9/78: 9.html (348 sessions)
✅ Generated program 10/78: 10.html (3 sessions)
✅ Generated program 11/78: 11.html (20 sessions)
✅ Generated program 12/78: 12.html (337 sessions)
✅ Generated program 13/78: 13.html (224 sessions)
✅ Generated program 14/78: 14.html (530 sessions)
✅ Generated program 15/78: 15.html (338 sessions)
✅ Generated program 16/78: 16.html (520 sessions)
✅ Generated program 17/78: 17.html (237 sessions)
✅ Generated program 18/78: 18.html (389 sessions)
✅ Generated program 19/78: 19.html (313 sessions)
✅ Generated program 20/78: 20.html (97 sessions)
✅ Generated program 21/78: 21.html (96 sessions)
✅ Generated program 22/78: 22.html (63 sessions)
✅ Generated program 23/78: 23.html (257 sessions)
✅ Generated program 24/78: 24.html (85 sessions)
✅ Generated program 25/78: 25.html (33 sessions)
✅ Generated program 26/78: 26.html (91 sessions)
✅ Generated program 27/78: 27.html (20 sessions)
✅ Generated program 28/78: 28.html (106 sessions)
✅ Generated program 29/78: 29.html (2 sessions)
✅ Generated program 30/78: 30.html (2 sessions)
✅ Generated program 31/78: 31.html (0 sessions)
✅ Generated program 32/78: 32.html (0 sessions)
✅ Generated program 33/78: 33.html (0 sessions)
✅ Generated program 34/78: 34.html (2 sessions)
✅ Generated program 35/78: 35.html (0 sessions)
✅ Generated program 36/78: 36.html (1 sessions)
✅ Generated program 37/78: 37.html (0 sessions)
✅ Generated program 38/78: 38.html (0 sessions)
✅ Generated program 39/78: 39.html (0 sessions)
✅ Generated program 40/78: 40.html (0 sessions)
✅ Generated program 41/78: 41.html (0 sessions)
✅ Generated program 42/78: 42.html (0 sessions)
✅ Generated program 43/78: 43.html (0 sessions)
✅ Generated program 44/78: 44.html (0 sessions)
✅ Generated program 45/78: 45.html (1 sessions)
✅ Generated program 46/78: 46.html (1 sessions)
✅ Generated program 47/78: 47.html (1 sessions)
✅ Generated program 48/78: 48.html (0 sessions)
✅ Generated program 49/78: 49.html (0 sessions)
✅ Generated program 50/78: 50.html (1 sessions)
✅ Generated program 51/78: 51.html (0 sessions)
✅ Generated program 52/78: 52.html (0 sessions)
✅ Generated program 53/78: 53.html (0 sessions)
✅ Generated program 54/78: 54.html (0 sessions)
✅ Generated program 55/78: 55.html (0 sessions)
✅ Generated program 56/78: 56.html (0 sessions)
✅ Generated program 57/78: 57.html (0 sessions)
✅ Generated program 58/78: 58.html (0 sessions)
✅ Generated program 59/78: 59.html (0 sessions)
✅ Generated program 60/78: 60.html (0 sessions)
✅ Generated program 61/78: 61.html (0 sessions)
✅ Generated program 62/78: 62.html (0 sessions)
✅ Generated program 63/78: 63.html (0 sessions)
✅ Generated program 64/78: 64.html (0 sessions)
✅ Generated program 65/78: 65.html (0 sessions)
✅ Generated program 66/78: 66.html (0 sessions)
✅ Generated program 67/78: 67.html (0 sessions)
✅ Generated program 68/78: 68.html (0 sessions)
✅ Generated program 69/78: 69.html (0 sessions)
✅ Generated program 70/78: 70.html (0 sessions)
✅ Generated program 71/78: 71.html (0 sessions)
✅ Generated program 72/78: 72.html (0 sessions)
✅ Generated program 73/78: 73.html (0 sessions)
✅ Generated program 74/78: 74.html (0 sessions)
✅ Generated program 75/78: 75.html (0 sessions)
✅ Generated program 76/78: 76.html (0 sessions)
✅ Generated program 77/78: 77.html (0 sessions)
✅ Generated program 78/78: 78.html (0 sessions)
🎉 Site generation complete! Output: /mnt/data/saberprojects/iranseda-crawler-golang-/docs
📁 Files created:
   - /mnt/data/saberprojects/iranseda-crawler-golang-/docs/index.html
   - /mnt/data/saberprojects/iranseda-crawler-golang-/docs/programs/*.html (78 files)

✅ فرآیند deploy با موفقیت انجام شد!
✅ اجرا با موفقیت تمام شد

⏳ منتظر 3 ساعت تا اجرای بعدی...
   اجرای بعدی: 2025-12-22 22:55:18

=========================================
⏰ اجرا در: 2025-12-22 19:57:12
=========================================
🚀 شروع فرآیند deploy...

📝 اضافه کردن تغییرات به git...
